"Country","Year","Occurrence","TotalEvents"
"Afghanistan",2017,1,129
"Afghanistan",2018,1,214
"Afghanistan",2019,1,59
"Afghanistan",2020,1,141
"Afghanistan",2021,1,227
"Afghanistan",2022,1,274
"Afghanistan",2023,1,172
"Albania",2018,1,209
"Albania",2019,1,242
"Albania",2020,1,205
"Albania",2021,1,151
"Albania",2022,1,147
"Albania",2023,1,82
"Algeria",1997,1,0
"Algeria",1998,1,1
"Algeria",1999,1,0
"Algeria",2000,1,2
"Algeria",2001,1,18
"Algeria",2002,1,12
"Algeria",2003,1,28
"Algeria",2004,1,12
"Algeria",2005,1,6
"Algeria",2006,1,7
"Algeria",2007,1,2
"Algeria",2008,1,9
"Algeria",2009,1,12
"Algeria",2010,1,8
"Algeria",2011,1,90
"Algeria",2012,1,60
"Algeria",2013,1,105
"Algeria",2014,1,126
"Algeria",2015,1,240
"Algeria",2016,1,233
"Algeria",2017,1,360
"Algeria",2018,1,508
"Algeria",2019,1,2080
"Algeria",2020,1,2029
"Algeria",2021,1,1668
"Algeria",2022,1,325
"Algeria",2023,1,370
"American Samoa",2021,1,2
"American Samoa",2022,1,3
"Andorra",2020,1,5
"Andorra",2021,1,6
"Andorra",2022,1,4
"Andorra",2023,1,6
"Angola",1997,1,42
"Angola",1998,1,3
"Angola",1999,1,14
"Angola",2000,1,7
"Angola",2001,1,5
"Angola",2002,1,2
"Angola",2003,1,4
"Angola",2004,1,1
"Angola",2005,1,1
"Angola",2006,1,2
"Angola",2007,1,1
"Angola",2008,1,0
"Angola",2009,1,1
"Angola",2010,1,0
"Angola",2011,1,12
"Angola",2012,1,7
"Angola",2013,1,11
"Angola",2014,1,6
"Angola",2015,1,6
"Angola",2016,1,16
"Angola",2017,1,36
"Angola",2018,1,37
"Angola",2019,1,38
"Angola",2020,1,54
"Angola",2021,1,96
"Angola",2022,1,94
"Angola",2023,1,100
"Anguilla",2018,1,0
"Anguilla",2019,1,0
"Anguilla",2020,1,1
"Anguilla",2021,1,1
"Anguilla",2022,1,1
"Antarctica",2021,1,4
"Antarctica",2022,1,3
"Antarctica",2023,1,1
"Antigua and Barbuda",2018,1,23
"Antigua and Barbuda",2019,1,8
"Antigua and Barbuda",2020,1,7
"Antigua and Barbuda",2021,1,14
"Antigua and Barbuda",2022,1,21
"Antigua and Barbuda",2023,1,13
"Argentina",2018,1,1930
"Argentina",2019,1,1120
"Argentina",2020,1,2759
"Argentina",2021,1,2810
"Argentina",2022,1,2469
"Argentina",2023,1,1962
"Armenia",2018,1,351
"Armenia",2019,1,305
"Armenia",2020,1,317
"Armenia",2021,1,368
"Armenia",2022,1,420
"Armenia",2023,1,255
"Aruba",2018,1,0
"Aruba",2019,1,3
"Aruba",2020,1,4
"Aruba",2021,1,4
"Aruba",2022,1,4
"Aruba",2023,1,1
"Australia",2021,1,681
"Australia",2022,1,794
"Australia",2023,1,663
"Austria",2020,1,354
"Austria",2021,1,562
"Austria",2022,1,294
"Austria",2023,1,355
"Azerbaijan",2018,1,61
"Azerbaijan",2019,1,60
"Azerbaijan",2020,1,72
"Azerbaijan",2021,1,115
"Azerbaijan",2022,1,121
"Azerbaijan",2023,1,184
"Bahamas",2018,1,21
"Bahamas",2019,1,6
"Bahamas",2020,1,6
"Bahamas",2021,1,13
"Bahamas",2022,1,3
"Bahamas",2023,1,4
"Bahrain",2016,1,2036
"Bahrain",2017,1,2387
"Bahrain",2018,1,877
"Bahrain",2019,1,365
"Bahrain",2020,1,165
"Bahrain",2021,1,1074
"Bahrain",2022,1,667
"Bahrain",2023,1,610
"Bailiwick of Guernsey",2020,1,6
"Bailiwick of Guernsey",2021,1,3
"Bailiwick of Guernsey",2022,1,2
"Bailiwick of Jersey",2020,1,5
"Bailiwick of Jersey",2021,1,8
"Bangladesh",2010,1,576
"Bangladesh",2011,1,638
"Bangladesh",2012,1,462
"Bangladesh",2013,1,349
"Bangladesh",2014,1,143
"Bangladesh",2015,1,353
"Bangladesh",2016,1,268
"Bangladesh",2017,1,254
"Bangladesh",2018,1,524
"Bangladesh",2019,1,941
"Bangladesh",2020,1,971
"Bangladesh",2021,1,1612
"Bangladesh",2022,1,1281
"Bangladesh",2023,1,997
"Barbados",2018,1,2
"Barbados",2019,1,0
"Barbados",2020,1,7
"Barbados",2021,1,2
"Barbados",2022,1,1
"Barbados",2023,1,2
"Belarus",2018,1,104
"Belarus",2019,1,170
"Belarus",2020,1,1741
"Belarus",2021,1,1393
"Belarus",2022,1,82
"Belarus",2023,1,5
"Belgium",2020,1,784
"Belgium",2021,1,833
"Belgium",2022,1,523
"Belgium",2023,1,571
"Belize",2018,1,30
"Belize",2019,1,25
"Belize",2020,1,22
"Belize",2021,1,71
"Belize",2022,1,25
"Belize",2023,1,14
"Benin",1997,1,2
"Benin",1998,1,2
"Benin",1999,1,1
"Benin",2000,1,0
"Benin",2001,1,0
"Benin",2002,1,1
"Benin",2003,1,1
"Benin",2004,1,1
"Benin",2005,1,2
"Benin",2006,1,1
"Benin",2007,1,0
"Benin",2008,1,1
"Benin",2009,1,1
"Benin",2010,1,9
"Benin",2011,1,4
"Benin",2012,1,11
"Benin",2013,1,7
"Benin",2014,1,6
"Benin",2015,1,3
"Benin",2016,1,8
"Benin",2017,1,27
"Benin",2018,1,10
"Benin",2019,1,18
"Benin",2020,1,20
"Benin",2021,1,16
"Benin",2022,1,6
"Benin",2023,1,6
"Bermuda",2018,1,0
"Bermuda",2019,1,0
"Bermuda",2020,1,0
"Bermuda",2021,1,6
"Bermuda",2022,1,8
"Bermuda",2023,1,9
"Bhutan",2020,1,1
"Bhutan",2021,1,1
"Bolivia",2018,1,284
"Bolivia",2019,1,453
"Bolivia",2020,1,645
"Bolivia",2021,1,868
"Bolivia",2022,1,1043
"Bolivia",2023,1,998
"Bosnia and Herzegovina",2018,1,215
"Bosnia and Herzegovina",2019,1,143
"Bosnia and Herzegovina",2020,1,133
"Bosnia and Herzegovina",2021,1,137
"Bosnia and Herzegovina",2022,1,151
"Bosnia and Herzegovina",2023,1,109
"Botswana",1997,1,1
"Botswana",1998,1,0
"Botswana",1999,1,0
"Botswana",2000,1,1
"Botswana",2001,1,0
"Botswana",2002,1,0
"Botswana",2003,1,1
"Botswana",2004,1,5
"Botswana",2005,1,2
"Botswana",2006,1,2
"Botswana",2007,1,1
"Botswana",2008,1,1
"Botswana",2009,1,1
"Botswana",2010,1,0
"Botswana",2011,1,0
"Botswana",2012,1,0
"Botswana",2013,1,0
"Botswana",2014,1,3
"Botswana",2015,1,1
"Botswana",2016,1,2
"Botswana",2017,1,2
"Botswana",2018,1,7
"Botswana",2019,1,11
"Botswana",2020,1,2
"Botswana",2021,1,5
"Botswana",2022,1,8
"Botswana",2023,1,10
"Brazil",2018,1,6528
"Brazil",2019,1,3333
"Brazil",2020,1,2492
"Brazil",2021,1,4048
"Brazil",2022,1,3718
"Brazil",2023,1,1418
"British Indian Ocean Territory",2018,1,0
"British Indian Ocean Territory",2019,1,0
"British Indian Ocean Territory",2020,1,0
"British Indian Ocean Territory",2021,1,0
"British Virgin Islands",2018,1,0
"British Virgin Islands",2019,1,0
"British Virgin Islands",2020,1,0
"British Virgin Islands",2021,1,0
"British Virgin Islands",2022,1,1
"Brunei",2020,1,0
"Brunei",2021,1,0
"Bulgaria",2018,1,366
"Bulgaria",2019,1,378
"Bulgaria",2020,1,874
"Bulgaria",2021,1,485
"Bulgaria",2022,1,605
"Bulgaria",2023,1,534
"Burkina Faso",1997,1,4
"Burkina Faso",1998,1,2
"Burkina Faso",1999,1,17
"Burkina Faso",2000,1,7
"Burkina Faso",2001,1,2
"Burkina Faso",2002,1,1
"Burkina Faso",2003,1,0
"Burkina Faso",2004,1,0
"Burkina Faso",2005,1,6
"Burkina Faso",2006,1,2
"Burkina Faso",2007,1,1
"Burkina Faso",2008,1,2
"Burkina Faso",2009,1,1
"Burkina Faso",2010,1,3
"Burkina Faso",2011,1,36
"Burkina Faso",2012,1,42
"Burkina Faso",2013,1,26
"Burkina Faso",2014,1,82
"Burkina Faso",2015,1,61
"Burkina Faso",2016,1,46
"Burkina Faso",2017,1,68
"Burkina Faso",2018,1,85
"Burkina Faso",2019,1,136
"Burkina Faso",2020,1,77
"Burkina Faso",2021,1,146
"Burkina Faso",2022,1,130
"Burkina Faso",2023,1,117
"Burundi",1997,1,1
"Burundi",1998,1,3
"Burundi",1999,1,0
"Burundi",2000,1,6
"Burundi",2001,1,3
"Burundi",2002,1,3
"Burundi",2003,1,0
"Burundi",2004,1,0
"Burundi",2005,1,0
"Burundi",2006,1,1
"Burundi",2007,1,0
"Burundi",2008,1,3
"Burundi",2009,1,6
"Burundi",2010,1,3
"Burundi",2011,1,2
"Burundi",2012,1,0
"Burundi",2013,1,0
"Burundi",2014,1,10
"Burundi",2015,1,212
"Burundi",2016,1,93
"Burundi",2017,1,120
"Burundi",2018,1,85
"Burundi",2019,1,51
"Burundi",2020,1,9
"Burundi",2021,1,9
"Burundi",2022,1,56
"Burundi",2023,1,7
"Cambodia",2010,1,179
"Cambodia",2011,1,149
"Cambodia",2012,1,163
"Cambodia",2013,1,172
"Cambodia",2014,1,198
"Cambodia",2015,1,120
"Cambodia",2016,1,182
"Cambodia",2017,1,95
"Cambodia",2018,1,63
"Cambodia",2019,1,69
"Cambodia",2020,1,96
"Cambodia",2021,1,48
"Cambodia",2022,1,128
"Cambodia",2023,1,66
"Cameroon",1997,1,1
"Cameroon",1998,1,1
"Cameroon",1999,1,1
"Cameroon",2000,1,4
"Cameroon",2001,1,3
"Cameroon",2002,1,1
"Cameroon",2003,1,0
"Cameroon",2004,1,10
"Cameroon",2005,1,2
"Cameroon",2006,1,1
"Cameroon",2007,1,2
"Cameroon",2008,1,2
"Cameroon",2009,1,2
"Cameroon",2010,1,4
"Cameroon",2011,1,0
"Cameroon",2012,1,5
"Cameroon",2013,1,4
"Cameroon",2014,1,6
"Cameroon",2015,1,16
"Cameroon",2016,1,23
"Cameroon",2017,1,39
"Cameroon",2018,1,26
"Cameroon",2019,1,41
"Cameroon",2020,1,132
"Cameroon",2021,1,72
"Cameroon",2022,1,77
"Cameroon",2023,1,46
"Canada",2021,1,1692
"Canada",2022,1,1828
"Canada",2023,1,1573
"Cape Verde",2020,1,54
"Cape Verde",2021,1,53
"Cape Verde",2022,1,47
"Cape Verde",2023,1,41
"Caribbean Netherlands",2018,1,4
"Caribbean Netherlands",2019,1,1
"Caribbean Netherlands",2020,1,3
"Caribbean Netherlands",2021,1,3
"Caribbean Netherlands",2022,1,7
"Caribbean Netherlands",2023,1,1
"Cayman Islands",2018,1,0
"Cayman Islands",2019,1,1
"Cayman Islands",2020,1,2
"Cayman Islands",2021,1,0
"Cayman Islands",2022,1,1
"Central African Republic",1997,1,6
"Central African Republic",1998,1,3
"Central African Republic",1999,1,1
"Central African Republic",2000,1,4
"Central African Republic",2001,1,0
"Central African Republic",2002,1,8
"Central African Republic",2003,1,2
"Central African Republic",2004,1,5
"Central African Republic",2005,1,1
"Central African Republic",2006,1,6
"Central African Republic",2007,1,1
"Central African Republic",2008,1,0
"Central African Republic",2009,1,1
"Central African Republic",2010,1,4
"Central African Republic",2011,1,6
"Central African Republic",2012,1,9
"Central African Republic",2013,1,20
"Central African Republic",2014,1,44
"Central African Republic",2015,1,42
"Central African Republic",2016,1,26
"Central African Republic",2017,1,26
"Central African Republic",2018,1,22
"Central African Republic",2019,1,35
"Central African Republic",2020,1,37
"Central African Republic",2021,1,59
"Central African Republic",2022,1,36
"Central African Republic",2023,1,17
"Chad",1997,1,0
"Chad",1998,1,0
"Chad",1999,1,0
"Chad",2000,1,0
"Chad",2001,1,1
"Chad",2002,1,0
"Chad",2003,1,1
"Chad",2004,1,0
"Chad",2005,1,3
"Chad",2006,1,0
"Chad",2007,1,1
"Chad",2008,1,1
"Chad",2009,1,1
"Chad",2010,1,0
"Chad",2011,1,0
"Chad",2012,1,1
"Chad",2013,1,1
"Chad",2014,1,7
"Chad",2015,1,3
"Chad",2016,1,23
"Chad",2017,1,4
"Chad",2018,1,10
"Chad",2019,1,36
"Chad",2020,1,24
"Chad",2021,1,84
"Chad",2022,1,91
"Chad",2023,1,47
"Chile",2018,1,1033
"Chile",2019,1,1589
"Chile",2020,1,1048
"Chile",2021,1,881
"Chile",2022,1,927
"Chile",2023,1,767
"China",2018,1,2486
"China",2019,1,2386
"China",2020,1,1699
"China",2021,1,1518
"China",2022,1,831
"China",2023,1,843
"Christmas Island",2021,1,0
"Christmas Island",2022,1,1
"Cocos (Keeling) Islands",2021,1,0
"Colombia",2018,1,406
"Colombia",2019,1,624
"Colombia",2020,1,687
"Colombia",2021,1,2284
"Colombia",2022,1,1364
"Colombia",2023,1,1890
"Comoros",2020,1,14
"Comoros",2021,1,14
"Comoros",2022,1,9
"Comoros",2023,1,25
"Cook Islands",2021,1,1
"Costa Rica",2018,1,299
"Costa Rica",2019,1,335
"Costa Rica",2020,1,565
"Costa Rica",2021,1,192
"Costa Rica",2022,1,164
"Costa Rica",2023,1,207
"Croatia",2018,1,164
"Croatia",2019,1,206
"Croatia",2020,1,131
"Croatia",2021,1,173
"Croatia",2022,1,111
"Croatia",2023,1,106
"Cuba",2018,1,14
"Cuba",2019,1,18
"Cuba",2020,1,46
"Cuba",2021,1,136
"Cuba",2022,1,200
"Cuba",2023,1,32
"Curacao",2018,1,6
"Curacao",2019,1,8
"Curacao",2020,1,12
"Curacao",2021,1,3
"Curacao",2022,1,5
"Curacao",2023,1,3
"Cyprus",2018,1,88
"Cyprus",2019,1,180
"Cyprus",2020,1,221
"Cyprus",2021,1,328
"Cyprus",2022,1,388
"Cyprus",2023,1,208
"Czech Republic",2020,1,217
"Czech Republic",2021,1,253
"Czech Republic",2022,1,301
"Czech Republic",2023,1,190
"Democratic Republic of Congo",1997,1,22
"Democratic Republic of Congo",1998,1,3
"Democratic Republic of Congo",1999,1,12
"Democratic Republic of Congo",2000,1,2
"Democratic Republic of Congo",2001,1,6
"Democratic Republic of Congo",2002,1,2
"Democratic Republic of Congo",2003,1,3
"Democratic Republic of Congo",2004,1,12
"Democratic Republic of Congo",2005,1,11
"Democratic Republic of Congo",2006,1,0
"Democratic Republic of Congo",2007,1,9
"Democratic Republic of Congo",2008,1,6
"Democratic Republic of Congo",2009,1,2
"Democratic Republic of Congo",2010,1,4
"Democratic Republic of Congo",2011,1,49
"Democratic Republic of Congo",2012,1,51
"Democratic Republic of Congo",2013,1,36
"Democratic Republic of Congo",2014,1,125
"Democratic Republic of Congo",2015,1,139
"Democratic Republic of Congo",2016,1,144
"Democratic Republic of Congo",2017,1,139
"Democratic Republic of Congo",2018,1,127
"Democratic Republic of Congo",2019,1,514
"Democratic Republic of Congo",2020,1,491
"Democratic Republic of Congo",2021,1,417
"Democratic Republic of Congo",2022,1,319
"Democratic Republic of Congo",2023,1,187
"Denmark",2020,1,561
"Denmark",2021,1,829
"Denmark",2022,1,370
"Denmark",2023,1,398
"Djibouti",1997,1,0
"Djibouti",1998,1,0
"Djibouti",1999,1,2
"Djibouti",2000,1,0
"Djibouti",2001,1,0
"Djibouti",2002,1,0
"Djibouti",2003,1,1
"Djibouti",2004,1,0
"Djibouti",2005,1,1
"Djibouti",2006,1,0
"Djibouti",2007,1,0
"Djibouti",2008,1,0
"Djibouti",2009,1,0
"Djibouti",2010,1,2
"Djibouti",2011,1,6
"Djibouti",2012,1,1
"Djibouti",2013,1,3
"Djibouti",2014,1,1
"Djibouti",2015,1,2
"Djibouti",2016,1,1
"Djibouti",2017,1,2
"Djibouti",2018,1,0
"Djibouti",2019,1,6
"Djibouti",2020,1,28
"Djibouti",2021,1,19
"Djibouti",2022,1,5
"Djibouti",2023,1,3
"Dominica",2018,1,11
"Dominica",2019,1,12
"Dominica",2020,1,5
"Dominica",2021,1,13
"Dominica",2022,1,16
"Dominica",2023,1,4
"Dominican Republic",2018,1,44
"Dominican Republic",2019,1,23
"Dominican Republic",2020,1,61
"Dominican Republic",2021,1,44
"Dominican Republic",2022,1,76
"Dominican Republic",2023,1,66
"East Timor",2020,1,4
"East Timor",2021,1,4
"East Timor",2022,1,3
"East Timor",2023,1,6
"Ecuador",2018,1,163
"Ecuador",2019,1,323
"Ecuador",2020,1,379
"Ecuador",2021,1,444
"Ecuador",2022,1,1252
"Ecuador",2023,1,210
"Egypt",1997,1,4
"Egypt",1998,1,6
"Egypt",1999,1,5
"Egypt",2000,1,17
"Egypt",2001,1,14
"Egypt",2002,1,40
"Egypt",2003,1,2
"Egypt",2004,1,0
"Egypt",2005,1,28
"Egypt",2006,1,2
"Egypt",2007,1,1
"Egypt",2008,1,32
"Egypt",2009,1,18
"Egypt",2010,1,46
"Egypt",2011,1,973
"Egypt",2012,1,215
"Egypt",2013,1,1136
"Egypt",2014,1,465
"Egypt",2015,1,221
"Egypt",2016,1,220
"Egypt",2017,1,106
"Egypt",2018,1,71
"Egypt",2019,1,108
"Egypt",2020,1,101
"Egypt",2021,1,31
"Egypt",2022,1,45
"Egypt",2023,1,164
"El Salvador",2018,1,154
"El Salvador",2019,1,99
"El Salvador",2020,1,203
"El Salvador",2021,1,273
"El Salvador",2022,1,158
"El Salvador",2023,1,84
"Equatorial Guinea",1997,1,0
"Equatorial Guinea",1998,1,0
"Equatorial Guinea",1999,1,0
"Equatorial Guinea",2000,1,1
"Equatorial Guinea",2001,1,0
"Equatorial Guinea",2002,1,0
"Equatorial Guinea",2003,1,0
"Equatorial Guinea",2004,1,1
"Equatorial Guinea",2005,1,2
"Equatorial Guinea",2006,1,0
"Equatorial Guinea",2007,1,0
"Equatorial Guinea",2008,1,0
"Equatorial Guinea",2009,1,0
"Equatorial Guinea",2010,1,0
"Equatorial Guinea",2011,1,1
"Equatorial Guinea",2012,1,0
"Equatorial Guinea",2013,1,1
"Equatorial Guinea",2014,1,2
"Equatorial Guinea",2015,1,0
"Equatorial Guinea",2016,1,1
"Equatorial Guinea",2017,1,1
"Equatorial Guinea",2018,1,0
"Equatorial Guinea",2019,1,1
"Equatorial Guinea",2020,1,1
"Equatorial Guinea",2021,1,1
"Equatorial Guinea",2023,1,2
"Eritrea",1997,1,0
"Eritrea",1998,1,1
"Eritrea",1999,1,0
"Eritrea",2000,1,4
"Eritrea",2001,1,0
"Eritrea",2002,1,0
"Eritrea",2003,1,0
"Eritrea",2004,1,0
"Eritrea",2005,1,0
"Eritrea",2006,1,0
"Eritrea",2007,1,0
"Eritrea",2008,1,0
"Eritrea",2009,1,0
"Eritrea",2010,1,0
"Eritrea",2011,1,0
"Eritrea",2012,1,0
"Eritrea",2013,1,0
"Eritrea",2014,1,2
"Eritrea",2015,1,0
"Eritrea",2016,1,0
"Eritrea",2017,1,1
"Eritrea",2018,1,1
"Eritrea",2019,1,0
"Eritrea",2020,1,0
"Eritrea",2021,1,0
"Estonia",2020,1,141
"Estonia",2021,1,113
"Estonia",2022,1,74
"Estonia",2023,1,24
"Ethiopia",1997,1,2
"Ethiopia",1998,1,1
"Ethiopia",1999,1,0
"Ethiopia",2000,1,0
"Ethiopia",2001,1,2
"Ethiopia",2002,1,2
"Ethiopia",2003,1,0
"Ethiopia",2004,1,11
"Ethiopia",2005,1,32
"Ethiopia",2006,1,26
"Ethiopia",2007,1,1
"Ethiopia",2008,1,1
"Ethiopia",2009,1,2
"Ethiopia",2010,1,4
"Ethiopia",2011,1,2
"Ethiopia",2012,1,29
"Ethiopia",2013,1,15
"Ethiopia",2014,1,75
"Ethiopia",2015,1,281
"Ethiopia",2016,1,792
"Ethiopia",2017,1,149
"Ethiopia",2018,1,288
"Ethiopia",2019,1,131
"Ethiopia",2020,1,79
"Ethiopia",2021,1,196
"Ethiopia",2022,1,130
"Ethiopia",2023,1,141
"Falkland Islands",2018,1,0
"Falkland Islands",2019,1,0
"Falkland Islands",2020,1,0
"Falkland Islands",2021,1,0
"Faroe Islands",2020,1,1
"Faroe Islands",2021,1,0
"Faroe Islands",2023,1,1
"Fiji",2021,1,10
"Fiji",2022,1,2
"Fiji",2023,1,7
"Finland",2020,1,216
"Finland",2021,1,265
"Finland",2022,1,344
"Finland",2023,1,220
"France",2020,1,5067
"France",2021,1,8279
"France",2022,1,6355
"France",2023,1,6709
"French Guiana",2018,1,35
"French Guiana",2019,1,0
"French Guiana",2020,1,12
"French Guiana",2021,1,59
"French Guiana",2022,1,30
"French Guiana",2023,1,43
"French Polynesia",2021,1,47
"French Polynesia",2022,1,17
"French Polynesia",2023,1,33
"French Southern and Antarctic Lands",2021,1,0
"Gabon",1997,1,0
"Gabon",1998,1,2
"Gabon",1999,1,1
"Gabon",2000,1,2
"Gabon",2001,1,1
"Gabon",2002,1,0
"Gabon",2003,1,0
"Gabon",2004,1,1
"Gabon",2005,1,1
"Gabon",2006,1,1
"Gabon",2007,1,0
"Gabon",2008,1,1
"Gabon",2009,1,2
"Gabon",2010,1,2
"Gabon",2011,1,2
"Gabon",2012,1,2
"Gabon",2013,1,11
"Gabon",2014,1,8
"Gabon",2015,1,13
"Gabon",2016,1,9
"Gabon",2017,1,15
"Gabon",2018,1,16
"Gabon",2019,1,30
"Gabon",2020,1,18
"Gabon",2021,1,30
"Gabon",2022,1,39
"Gabon",2023,1,49
"Gambia",1997,1,0
"Gambia",1998,1,0
"Gambia",1999,1,0
"Gambia",2000,1,0
"Gambia",2001,1,5
"Gambia",2002,1,4
"Gambia",2003,1,3
"Gambia",2004,1,2
"Gambia",2005,1,1
"Gambia",2006,1,1
"Gambia",2007,1,1
"Gambia",2008,1,0
"Gambia",2009,1,0
"Gambia",2010,1,0
"Gambia",2011,1,1
"Gambia",2012,1,1
"Gambia",2013,1,1
"Gambia",2014,1,4
"Gambia",2015,1,14
"Gambia",2016,1,5
"Gambia",2017,1,13
"Gambia",2018,1,4
"Gambia",2019,1,7
"Gambia",2020,1,10
"Gambia",2021,1,7
"Gambia",2022,1,1
"Gambia",2023,1,1
"Georgia",2018,1,687
"Georgia",2019,1,822
"Georgia",2020,1,830
"Georgia",2021,1,810
"Georgia",2022,1,469
"Georgia",2023,1,277
"Germany",2020,1,4288
"Germany",2021,1,4205
"Germany",2022,1,4757
"Germany",2023,1,3284
"Ghana",1997,1,1
"Ghana",1998,1,1
"Ghana",1999,1,2
"Ghana",2000,1,3
"Ghana",2001,1,0
"Ghana",2002,1,0
"Ghana",2003,1,3
"Ghana",2004,1,1
"Ghana",2005,1,0
"Ghana",2006,1,0
"Ghana",2007,1,0
"Ghana",2008,1,0
"Ghana",2009,1,3
"Ghana",2010,1,6
"Ghana",2011,1,4
"Ghana",2012,1,11
"Ghana",2013,1,16
"Ghana",2014,1,24
"Ghana",2015,1,37
"Ghana",2016,1,60
"Ghana",2017,1,45
"Ghana",2018,1,30
"Ghana",2019,1,72
"Ghana",2020,1,131
"Ghana",2021,1,71
"Ghana",2022,1,60
"Ghana",2023,1,58
"Gibraltar",2020,1,1
"Gibraltar",2021,1,1
"Gibraltar",2022,1,1
"Gibraltar",2023,1,1
"Greece",2018,1,203
"Greece",2019,1,497
"Greece",2020,1,660
"Greece",2021,1,558
"Greece",2022,1,434
"Greece",2023,1,367
"Greenland",2020,1,2
"Greenland",2021,1,3
"Greenland",2022,1,7
"Greenland",2023,1,3
"Grenada",2018,1,10
"Grenada",2019,1,1
"Grenada",2020,1,1
"Grenada",2021,1,8
"Guadeloupe",2018,1,34
"Guadeloupe",2019,1,9
"Guadeloupe",2020,1,25
"Guadeloupe",2021,1,120
"Guadeloupe",2022,1,58
"Guadeloupe",2023,1,46
"Guam",2021,1,24
"Guam",2022,1,9
"Guam",2023,1,7
"Guatemala",2018,1,192
"Guatemala",2019,1,304
"Guatemala",2020,1,176
"Guatemala",2021,1,678
"Guatemala",2022,1,470
"Guatemala",2023,1,928
"Guinea",1997,1,0
"Guinea",1998,1,8
"Guinea",1999,1,2
"Guinea",2000,1,5
"Guinea",2001,1,9
"Guinea",2002,1,0
"Guinea",2003,1,4
"Guinea",2004,1,5
"Guinea",2005,1,3
"Guinea",2006,1,6
"Guinea",2007,1,31
"Guinea",2008,1,5
"Guinea",2009,1,10
"Guinea",2010,1,3
"Guinea",2011,1,3
"Guinea",2012,1,12
"Guinea",2013,1,11
"Guinea",2014,1,10
"Guinea",2015,1,8
"Guinea",2016,1,11
"Guinea",2017,1,24
"Guinea",2018,1,62
"Guinea",2019,1,120
"Guinea",2020,1,248
"Guinea",2021,1,73
"Guinea",2022,1,95
"Guinea",2023,1,107
"Guinea-Bissau",1997,1,0
"Guinea-Bissau",1998,1,0
"Guinea-Bissau",1999,1,1
"Guinea-Bissau",2000,1,1
"Guinea-Bissau",2001,1,0
"Guinea-Bissau",2002,1,1
"Guinea-Bissau",2003,1,2
"Guinea-Bissau",2004,1,1
"Guinea-Bissau",2005,1,10
"Guinea-Bissau",2006,1,3
"Guinea-Bissau",2007,1,1
"Guinea-Bissau",2008,1,0
"Guinea-Bissau",2009,1,0
"Guinea-Bissau",2010,1,1
"Guinea-Bissau",2011,1,5
"Guinea-Bissau",2012,1,3
"Guinea-Bissau",2013,1,0
"Guinea-Bissau",2014,1,0
"Guinea-Bissau",2015,1,1
"Guinea-Bissau",2016,1,2
"Guinea-Bissau",2017,1,12
"Guinea-Bissau",2018,1,9
"Guinea-Bissau",2019,1,9
"Guinea-Bissau",2020,1,7
"Guinea-Bissau",2021,1,12
"Guinea-Bissau",2022,1,18
"Guinea-Bissau",2023,1,11
"Guyana",2018,1,94
"Guyana",2019,1,49
"Guyana",2020,1,47
"Guyana",2021,1,37
"Guyana",2022,1,62
"Guyana",2023,1,46
"Haiti",2018,1,159
"Haiti",2019,1,229
"Haiti",2020,1,185
"Haiti",2021,1,221
"Haiti",2022,1,190
"Haiti",2023,1,130
"Heard Island and McDonald Islands",2021,1,0
"Honduras",2018,1,437
"Honduras",2019,1,649
"Honduras",2020,1,541
"Honduras",2021,1,764
"Honduras",2022,1,1006
"Honduras",2023,1,671
"Hungary",2020,1,199
"Hungary",2021,1,132
"Hungary",2022,1,415
"Hungary",2023,1,173
"Iceland",2020,1,29
"Iceland",2021,1,27
"Iceland",2022,1,28
"Iceland",2023,1,22
"India",2016,1,9728
"India",2017,1,10158
"India",2018,1,12882
"India",2019,1,16609
"India",2020,1,14072
"India",2021,1,15073
"India",2022,1,14621
"India",2023,1,14973
"Indonesia",2015,1,384
"Indonesia",2016,1,301
"Indonesia",2017,1,204
"Indonesia",2018,1,768
"Indonesia",2019,1,1023
"Indonesia",2020,1,1340
"Indonesia",2021,1,1617
"Indonesia",2022,1,2828
"Indonesia",2023,1,2251
"Iran",2016,1,1592
"Iran",2017,1,2368
"Iran",2018,1,2938
"Iran",2019,1,2230
"Iran",2020,1,1966
"Iran",2021,1,3883
"Iran",2022,1,3797
"Iran",2023,1,2530
"Iraq",2016,1,130
"Iraq",2017,1,40
"Iraq",2018,1,533
"Iraq",2019,1,970
"Iraq",2020,1,1797
"Iraq",2021,1,1508
"Iraq",2022,1,1002
"Iraq",2023,1,730
"Ireland",2020,1,279
"Ireland",2021,1,218
"Ireland",2022,1,279
"Ireland",2023,1,314
"Isle of Man",2020,1,7
"Isle of Man",2021,1,3
"Isle of Man",2022,1,1
"Israel",2016,1,130
"Israel",2017,1,289
"Israel",2018,1,390
"Israel",2019,1,427
"Israel",2020,1,1222
"Israel",2021,1,995
"Israel",2022,1,737
"Israel",2023,1,2303
"Italy",2020,1,5486
"Italy",2021,1,7365
"Italy",2022,1,4601
"Italy",2023,1,2501
"Ivory Coast",1997,1,7
"Ivory Coast",1998,1,5
"Ivory Coast",1999,1,35
"Ivory Coast",2000,1,40
"Ivory Coast",2001,1,11
"Ivory Coast",2002,1,10
"Ivory Coast",2003,1,25
"Ivory Coast",2004,1,22
"Ivory Coast",2005,1,7
"Ivory Coast",2006,1,12
"Ivory Coast",2007,1,0
"Ivory Coast",2008,1,0
"Ivory Coast",2009,1,2
"Ivory Coast",2010,1,53
"Ivory Coast",2011,1,9
"Ivory Coast",2012,1,3
"Ivory Coast",2013,1,20
"Ivory Coast",2014,1,35
"Ivory Coast",2015,1,28
"Ivory Coast",2016,1,20
"Ivory Coast",2017,1,15
"Ivory Coast",2018,1,19
"Ivory Coast",2019,1,92
"Ivory Coast",2020,1,142
"Ivory Coast",2021,1,68
"Ivory Coast",2022,1,31
"Ivory Coast",2023,1,12
"Jamaica",2018,1,18
"Jamaica",2019,1,19
"Jamaica",2020,1,19
"Jamaica",2021,1,55
"Jamaica",2022,1,110
"Jamaica",2023,1,97
"Japan",2018,1,1637
"Japan",2019,1,1289
"Japan",2020,1,1515
"Japan",2021,1,1419
"Japan",2022,1,1560
"Japan",2023,1,1427
"Jordan",2016,1,88
"Jordan",2017,1,107
"Jordan",2018,1,467
"Jordan",2019,1,557
"Jordan",2020,1,227
"Jordan",2021,1,206
"Jordan",2022,1,233
"Jordan",2023,1,227
"Kazakhstan",2018,1,162
"Kazakhstan",2019,1,506
"Kazakhstan",2020,1,802
"Kazakhstan",2021,1,1029
"Kazakhstan",2022,1,907
"Kazakhstan",2023,1,471
"Kenya",1997,1,14
"Kenya",1998,1,57
"Kenya",1999,1,11
"Kenya",2000,1,18
"Kenya",2001,1,10
"Kenya",2002,1,21
"Kenya",2003,1,40
"Kenya",2004,1,51
"Kenya",2005,1,17
"Kenya",2006,1,31
"Kenya",2007,1,55
"Kenya",2008,1,39
"Kenya",2009,1,26
"Kenya",2010,1,46
"Kenya",2011,1,31
"Kenya",2012,1,66
"Kenya",2013,1,199
"Kenya",2014,1,166
"Kenya",2015,1,107
"Kenya",2016,1,90
"Kenya",2017,1,235
"Kenya",2018,1,178
"Kenya",2019,1,175
"Kenya",2020,1,164
"Kenya",2021,1,157
"Kenya",2022,1,558
"Kenya",2023,1,788
"Kiribati",2021,1,0
"Kosovo",2018,1,107
"Kosovo",2019,1,108
"Kosovo",2020,1,93
"Kosovo",2021,1,121
"Kosovo",2022,1,132
"Kosovo",2023,1,140
"Kuwait",2016,1,10
"Kuwait",2017,1,4
"Kuwait",2018,1,5
"Kuwait",2019,1,21
"Kuwait",2020,1,14
"Kuwait",2021,1,12
"Kuwait",2022,1,16
"Kuwait",2023,1,7
"Kyrgyzstan",2018,1,146
"Kyrgyzstan",2019,1,213
"Kyrgyzstan",2020,1,269
"Kyrgyzstan",2021,1,472
"Kyrgyzstan",2022,1,324
"Kyrgyzstan",2023,1,137
"Laos",2010,1,0
"Laos",2011,1,0
"Laos",2012,1,1
"Laos",2013,1,0
"Laos",2014,1,1
"Laos",2015,1,1
"Laos",2016,1,0
"Laos",2017,1,2
"Laos",2018,1,1
"Laos",2019,1,0
"Laos",2020,1,1
"Laos",2021,1,1
"Laos",2022,1,2
"Latvia",2020,1,68
"Latvia",2021,1,62
"Latvia",2022,1,47
"Latvia",2023,1,33
"Lebanon",2016,1,459
"Lebanon",2017,1,392
"Lebanon",2018,1,369
"Lebanon",2019,1,2844
"Lebanon",2020,1,2207
"Lebanon",2021,1,2164
"Lebanon",2022,1,818
"Lebanon",2023,1,672
"Lesotho",1997,1,0
"Lesotho",1998,1,5
"Lesotho",1999,1,0
"Lesotho",2000,1,2
"Lesotho",2001,1,2
"Lesotho",2002,1,0
"Lesotho",2003,1,1
"Lesotho",2004,1,0
"Lesotho",2005,1,0
"Lesotho",2006,1,0
"Lesotho",2007,1,0
"Lesotho",2008,1,1
"Lesotho",2009,1,0
"Lesotho",2010,1,2
"Lesotho",2011,1,4
"Lesotho",2012,1,2
"Lesotho",2013,1,0
"Lesotho",2014,1,0
"Lesotho",2015,1,1
"Lesotho",2016,1,0
"Lesotho",2017,1,0
"Lesotho",2018,1,1
"Lesotho",2019,1,5
"Lesotho",2020,1,6
"Lesotho",2021,1,10
"Lesotho",2022,1,21
"Lesotho",2023,1,6
"Liberia",1997,1,2
"Liberia",1998,1,7
"Liberia",1999,1,2
"Liberia",2000,1,3
"Liberia",2001,1,3
"Liberia",2002,1,5
"Liberia",2003,1,2
"Liberia",2004,1,1
"Liberia",2005,1,8
"Liberia",2006,1,3
"Liberia",2007,1,3
"Liberia",2008,1,5
"Liberia",2009,1,1
"Liberia",2010,1,2
"Liberia",2011,1,9
"Liberia",2012,1,10
"Liberia",2013,1,40
"Liberia",2014,1,52
"Liberia",2015,1,37
"Liberia",2016,1,25
"Liberia",2017,1,22
"Liberia",2018,1,16
"Liberia",2019,1,37
"Liberia",2020,1,61
"Liberia",2021,1,25
"Liberia",2022,1,21
"Liberia",2023,1,16
"Libya",1997,1,0
"Libya",1998,1,5
"Libya",1999,1,0
"Libya",2000,1,0
"Libya",2001,1,2
"Libya",2002,1,2
"Libya",2003,1,0
"Libya",2004,1,0
"Libya",2005,1,3
"Libya",2006,1,2
"Libya",2007,1,0
"Libya",2008,1,2
"Libya",2009,1,3
"Libya",2010,1,1
"Libya",2011,1,49
"Libya",2012,1,59
"Libya",2013,1,120
"Libya",2014,1,186
"Libya",2015,1,176
"Libya",2016,1,87
"Libya",2017,1,128
"Libya",2018,1,114
"Libya",2019,1,129
"Libya",2020,1,129
"Libya",2021,1,131
"Libya",2022,1,102
"Libya",2023,1,76
"Liechtenstein",2020,1,2
"Liechtenstein",2021,1,5
"Liechtenstein",2022,1,5
"Lithuania",2020,1,59
"Lithuania",2021,1,148
"Lithuania",2022,1,78
"Lithuania",2023,1,64
"Luxembourg",2020,1,35
"Luxembourg",2021,1,32
"Luxembourg",2022,1,33
"Luxembourg",2023,1,28
"Madagascar",1997,1,1
"Madagascar",1998,1,1
"Madagascar",1999,1,1
"Madagascar",2000,1,1
"Madagascar",2001,1,0
"Madagascar",2002,1,40
"Madagascar",2003,1,9
"Madagascar",2004,1,4
"Madagascar",2005,1,3
"Madagascar",2006,1,3
"Madagascar",2007,1,6
"Madagascar",2008,1,0
"Madagascar",2009,1,69
"Madagascar",2010,1,7
"Madagascar",2011,1,1
"Madagascar",2012,1,26
"Madagascar",2013,1,11
"Madagascar",2014,1,21
"Madagascar",2015,1,24
"Madagascar",2016,1,39
"Madagascar",2017,1,14
"Madagascar",2018,1,24
"Madagascar",2019,1,40
"Madagascar",2020,1,29
"Madagascar",2021,1,63
"Madagascar",2022,1,73
"Madagascar",2023,1,110
"Malawi",1997,1,0
"Malawi",1998,1,1
"Malawi",1999,1,1
"Malawi",2000,1,6
"Malawi",2001,1,4
"Malawi",2002,1,0
"Malawi",2003,1,1
"Malawi",2004,1,0
"Malawi",2005,1,4
"Malawi",2006,1,0
"Malawi",2007,1,1
"Malawi",2008,1,0
"Malawi",2009,1,1
"Malawi",2010,1,3
"Malawi",2011,1,6
"Malawi",2012,1,4
"Malawi",2013,1,8
"Malawi",2014,1,9
"Malawi",2015,1,22
"Malawi",2016,1,24
"Malawi",2017,1,15
"Malawi",2018,1,15
"Malawi",2019,1,47
"Malawi",2020,1,101
"Malawi",2021,1,91
"Malawi",2022,1,101
"Malawi",2023,1,70
"Malaysia",2018,1,151
"Malaysia",2019,1,168
"Malaysia",2020,1,48
"Malaysia",2021,1,94
"Malaysia",2022,1,137
"Malaysia",2023,1,93
"Maldives",2020,1,52
"Maldives",2021,1,58
"Maldives",2022,1,45
"Maldives",2023,1,59
"Mali",1997,1,6
"Mali",1998,1,0
"Mali",1999,1,0
"Mali",2000,1,1
"Mali",2001,1,0
"Mali",2002,1,1
"Mali",2003,1,0
"Mali",2004,1,0
"Mali",2005,1,1
"Mali",2006,1,0
"Mali",2007,1,0
"Mali",2008,1,0
"Mali",2009,1,0
"Mali",2010,1,2
"Mali",2011,1,2
"Mali",2012,1,50
"Mali",2013,1,21
"Mali",2014,1,17
"Mali",2015,1,10
"Mali",2016,1,11
"Mali",2017,1,22
"Mali",2018,1,54
"Mali",2019,1,95
"Mali",2020,1,131
"Mali",2021,1,114
"Mali",2022,1,93
"Mali",2023,1,45
"Malta",2020,1,41
"Malta",2021,1,75
"Malta",2022,1,81
"Malta",2023,1,66
"Marshall Islands",2021,1,0
"Marshall Islands",2023,1,3
"Martinique",2018,1,43
"Martinique",2019,1,13
"Martinique",2020,1,29
"Martinique",2021,1,69
"Martinique",2022,1,30
"Martinique",2023,1,62
"Mauritania",1997,1,3
"Mauritania",1998,1,1
"Mauritania",1999,1,0
"Mauritania",2000,1,4
"Mauritania",2001,1,1
"Mauritania",2002,1,2
"Mauritania",2003,1,5
"Mauritania",2004,1,2
"Mauritania",2005,1,3
"Mauritania",2006,1,2
"Mauritania",2007,1,0
"Mauritania",2008,1,2
"Mauritania",2009,1,2
"Mauritania",2010,1,6
"Mauritania",2011,1,19
"Mauritania",2012,1,62
"Mauritania",2013,1,46
"Mauritania",2014,1,46
"Mauritania",2015,1,30
"Mauritania",2016,1,18
"Mauritania",2017,1,49
"Mauritania",2018,1,58
"Mauritania",2019,1,119
"Mauritania",2020,1,308
"Mauritania",2021,1,267
"Mauritania",2022,1,214
"Mauritania",2023,1,178
"Mauritius",2020,1,47
"Mauritius",2021,1,92
"Mauritius",2022,1,112
"Mauritius",2023,1,93
"Mayotte",2020,1,8
"Mayotte",2021,1,17
"Mayotte",2022,1,12
"Mayotte",2023,1,32
"Mexico",2018,1,4324
"Mexico",2019,1,4821
"Mexico",2020,1,5655
"Mexico",2021,1,6150
"Mexico",2022,1,6020
"Mexico",2023,1,5071
"Micronesia",2021,1,0
"Moldova",2018,1,179
"Moldova",2019,1,173
"Moldova",2020,1,281
"Moldova",2021,1,193
"Moldova",2022,1,414
"Moldova",2023,1,170
"Monaco",2020,1,2
"Monaco",2021,1,6
"Monaco",2022,1,2
"Monaco",2023,1,2
"Mongolia",2018,1,66
"Mongolia",2019,1,84
"Mongolia",2020,1,64
"Mongolia",2021,1,126
"Mongolia",2022,1,128
"Mongolia",2023,1,76
"Montenegro",2018,1,78
"Montenegro",2019,1,122
"Montenegro",2020,1,347
"Montenegro",2021,1,199
"Montenegro",2022,1,297
"Montenegro",2023,1,123
"Montserrat",2018,1,0
"Montserrat",2019,1,0
"Montserrat",2020,1,0
"Montserrat",2021,1,0
"Montserrat",2022,1,1
"Morocco",1997,1,3
"Morocco",1998,1,9
"Morocco",1999,1,13
"Morocco",2000,1,10
"Morocco",2001,1,4
"Morocco",2002,1,7
"Morocco",2003,1,7
"Morocco",2004,1,3
"Morocco",2005,1,13
"Morocco",2006,1,12
"Morocco",2007,1,8
"Morocco",2008,1,5
"Morocco",2009,1,5
"Morocco",2010,1,8
"Morocco",2011,1,171
"Morocco",2012,1,58
"Morocco",2013,1,72
"Morocco",2014,1,85
"Morocco",2015,1,94
"Morocco",2016,1,94
"Morocco",2017,1,138
"Morocco",2018,1,198
"Morocco",2019,1,832
"Morocco",2020,1,1323
"Morocco",2021,1,1554
"Morocco",2022,1,1356
"Morocco",2023,1,1511
"Mozambique",1997,1,8
"Mozambique",1998,1,0
"Mozambique",1999,1,1
"Mozambique",2000,1,2
"Mozambique",2001,1,13
"Mozambique",2002,1,0
"Mozambique",2003,1,8
"Mozambique",2004,1,3
"Mozambique",2005,1,10
"Mozambique",2006,1,0
"Mozambique",2007,1,0
"Mozambique",2008,1,3
"Mozambique",2009,1,2
"Mozambique",2010,1,0
"Mozambique",2011,1,4
"Mozambique",2012,1,9
"Mozambique",2013,1,17
"Mozambique",2014,1,15
"Mozambique",2015,1,11
"Mozambique",2016,1,4
"Mozambique",2017,1,4
"Mozambique",2018,1,11
"Mozambique",2019,1,24
"Mozambique",2020,1,21
"Mozambique",2021,1,19
"Mozambique",2022,1,34
"Mozambique",2023,1,55
"Myanmar",2010,1,50
"Myanmar",2011,1,37
"Myanmar",2012,1,260
"Myanmar",2013,1,255
"Myanmar",2014,1,448
"Myanmar",2015,1,323
"Myanmar",2016,1,252
"Myanmar",2017,1,213
"Myanmar",2018,1,234
"Myanmar",2019,1,446
"Myanmar",2020,1,179
"Myanmar",2021,1,5937
"Myanmar",2022,1,2024
"Myanmar",2023,1,682
"Namibia",1997,1,8
"Namibia",1998,1,4
"Namibia",1999,1,0
"Namibia",2000,1,2
"Namibia",2001,1,2
"Namibia",2002,1,0
"Namibia",2003,1,8
"Namibia",2004,1,2
"Namibia",2005,1,1
"Namibia",2006,1,10
"Namibia",2007,1,15
"Namibia",2008,1,12
"Namibia",2009,1,6
"Namibia",2010,1,9
"Namibia",2011,1,6
"Namibia",2012,1,108
"Namibia",2013,1,70
"Namibia",2014,1,45
"Namibia",2015,1,60
"Namibia",2016,1,28
"Namibia",2017,1,23
"Namibia",2018,1,31
"Namibia",2019,1,40
"Namibia",2020,1,83
"Namibia",2021,1,115
"Namibia",2022,1,76
"Namibia",2023,1,83
"Nauru",2021,1,0
"Nepal",2010,1,216
"Nepal",2011,1,165
"Nepal",2012,1,291
"Nepal",2013,1,285
"Nepal",2014,1,181
"Nepal",2015,1,371
"Nepal",2016,1,267
"Nepal",2017,1,256
"Nepal",2018,1,1315
"Nepal",2019,1,2193
"Nepal",2020,1,2488
"Nepal",2021,1,2840
"Nepal",2022,1,2232
"Nepal",2023,1,1825
"Netherlands",2020,1,612
"Netherlands",2021,1,596
"Netherlands",2022,1,708
"Netherlands",2023,1,481
"New Caledonia",2021,1,17
"New Caledonia",2022,1,44
"New Caledonia",2023,1,55
"New Zealand",2021,1,233
"New Zealand",2022,1,297
"New Zealand",2023,1,168
"Nicaragua",2018,1,689
"Nicaragua",2019,1,211
"Nicaragua",2020,1,66
"Nicaragua",2021,1,25
"Nicaragua",2022,1,11
"Nicaragua",2023,1,3
"Niger",1997,1,4
"Niger",1998,1,2
"Niger",1999,1,3
"Niger",2000,1,3
"Niger",2001,1,2
"Niger",2002,1,1
"Niger",2003,1,1
"Niger",2004,1,1
"Niger",2005,1,0
"Niger",2006,1,2
"Niger",2007,1,1
"Niger",2008,1,6
"Niger",2009,1,7
"Niger",2010,1,2
"Niger",2011,1,2
"Niger",2012,1,0
"Niger",2013,1,5
"Niger",2014,1,3
"Niger",2015,1,7
"Niger",2016,1,12
"Niger",2017,1,8
"Niger",2018,1,23
"Niger",2019,1,31
"Niger",2020,1,9
"Niger",2021,1,13
"Niger",2022,1,14
"Niger",2023,1,43
"Nigeria",1997,1,11
"Nigeria",1998,1,21
"Nigeria",1999,1,25
"Nigeria",2000,1,7
"Nigeria",2001,1,5
"Nigeria",2002,1,0
"Nigeria",2003,1,7
"Nigeria",2004,1,62
"Nigeria",2005,1,72
"Nigeria",2006,1,4
"Nigeria",2007,1,3
"Nigeria",2008,1,1
"Nigeria",2009,1,19
"Nigeria",2010,1,99
"Nigeria",2011,1,21
"Nigeria",2012,1,160
"Nigeria",2013,1,273
"Nigeria",2014,1,464
"Nigeria",2015,1,544
"Nigeria",2016,1,459
"Nigeria",2017,1,482
"Nigeria",2018,1,428
"Nigeria",2019,1,624
"Nigeria",2020,1,871
"Nigeria",2021,1,788
"Nigeria",2022,1,816
"Nigeria",2023,1,649
"Niue",2021,1,0
"Norfolk Island",2021,1,0
"North Korea",2018,1,0
"North Korea",2019,1,0
"North Korea",2020,1,1
"North Korea",2021,1,4
"North Macedonia",2018,1,78
"North Macedonia",2019,1,182
"North Macedonia",2020,1,225
"North Macedonia",2021,1,184
"North Macedonia",2022,1,161
"North Macedonia",2023,1,176
"Northern Mariana Islands",2021,1,6
"Northern Mariana Islands",2023,1,1
"Norway",2020,1,294
"Norway",2021,1,307
"Norway",2022,1,481
"Norway",2023,1,206
"Oman",2016,1,0
"Oman",2017,1,0
"Oman",2018,1,3
"Oman",2019,1,3
"Oman",2020,1,0
"Oman",2021,1,13
"Oman",2023,1,1
"Pakistan",2010,1,3550
"Pakistan",2011,1,2349
"Pakistan",2012,1,4467
"Pakistan",2013,1,4005
"Pakistan",2014,1,2367
"Pakistan",2015,1,3233
"Pakistan",2016,1,3342
"Pakistan",2017,1,3843
"Pakistan",2018,1,5253
"Pakistan",2019,1,6107
"Pakistan",2020,1,8057
"Pakistan",2021,1,6761
"Pakistan",2022,1,6593
"Pakistan",2023,1,5584
"Palau",2021,1,0
"Palestine",2016,1,129
"Palestine",2017,1,283
"Palestine",2018,1,692
"Palestine",2019,1,330
"Palestine",2020,1,336
"Palestine",2021,1,979
"Palestine",2022,1,812
"Palestine",2023,1,717
"Panama",2018,1,505
"Panama",2019,1,354
"Panama",2020,1,348
"Panama",2021,1,479
"Panama",2022,1,588
"Panama",2023,1,452
"Papua New Guinea",2021,1,32
"Papua New Guinea",2022,1,28
"Papua New Guinea",2023,1,55
"Paraguay",2018,1,260
"Paraguay",2019,1,512
"Paraguay",2020,1,701
"Paraguay",2021,1,1225
"Paraguay",2022,1,1082
"Paraguay",2023,1,645
"Peru",2018,1,318
"Peru",2019,1,541
"Peru",2020,1,940
"Peru",2021,1,1142
"Peru",2022,1,1704
"Peru",2023,1,2758
"Philippines",2016,1,179
"Philippines",2017,1,391
"Philippines",2018,1,184
"Philippines",2019,1,315
"Philippines",2020,1,302
"Philippines",2021,1,267
"Philippines",2022,1,263
"Philippines",2023,1,290
"Pitcairn",2021,1,0
"Poland",2020,1,1827
"Poland",2021,1,1808
"Poland",2022,1,1153
"Poland",2023,1,702
"Portugal",2020,1,359
"Portugal",2021,1,616
"Portugal",2022,1,331
"Portugal",2023,1,507
"Puerto Rico",2018,1,88
"Puerto Rico",2019,1,59
"Puerto Rico",2020,1,33
"Puerto Rico",2021,1,130
"Puerto Rico",2022,1,130
"Puerto Rico",2023,1,78
"Qatar",2016,1,0
"Qatar",2017,1,0
"Qatar",2018,1,0
"Qatar",2019,1,3
"Qatar",2020,1,2
"Qatar",2021,1,15
"Qatar",2022,1,7
"Qatar",2023,1,10
"Republic of Congo",1997,1,7
"Republic of Congo",1998,1,1
"Republic of Congo",1999,1,2
"Republic of Congo",2000,1,0
"Republic of Congo",2001,1,0
"Republic of Congo",2002,1,0
"Republic of Congo",2003,1,0
"Republic of Congo",2004,1,2
"Republic of Congo",2005,1,0
"Republic of Congo",2006,1,0
"Republic of Congo",2007,1,1
"Republic of Congo",2008,1,0
"Republic of Congo",2009,1,2
"Republic of Congo",2010,1,0
"Republic of Congo",2011,1,0
"Republic of Congo",2012,1,1
"Republic of Congo",2013,1,1
"Republic of Congo",2014,1,4
"Republic of Congo",2015,1,9
"Republic of Congo",2016,1,2
"Republic of Congo",2017,1,7
"Republic of Congo",2018,1,1
"Republic of Congo",2019,1,12
"Republic of Congo",2020,1,9
"Republic of Congo",2021,1,17
"Republic of Congo",2022,1,5
"Republic of Congo",2023,1,1
"Reunion",2020,1,64
"Reunion",2021,1,105
"Reunion",2022,1,102
"Reunion",2023,1,111
"Romania",2018,1,553
"Romania",2019,1,573
"Romania",2020,1,178
"Romania",2021,1,426
"Romania",2022,1,206
"Romania",2023,1,279
"Russia",2018,1,1275
"Russia",2019,1,2015
"Russia",2020,1,1543
"Russia",2021,1,1577
"Russia",2022,1,1302
"Russia",2023,1,357
"Rwanda",1997,1,5
"Rwanda",1998,1,1
"Rwanda",1999,1,3
"Rwanda",2000,1,0
"Rwanda",2001,1,0
"Rwanda",2002,1,1
"Rwanda",2003,1,0
"Rwanda",2004,1,0
"Rwanda",2005,1,0
"Rwanda",2006,1,2
"Rwanda",2007,1,1
"Rwanda",2008,1,6
"Rwanda",2009,1,3
"Rwanda",2010,1,1
"Rwanda",2011,1,0
"Rwanda",2012,1,0
"Rwanda",2013,1,4
"Rwanda",2014,1,4
"Rwanda",2015,1,22
"Rwanda",2016,1,0
"Rwanda",2017,1,0
"Rwanda",2018,1,3
"Rwanda",2019,1,2
"Rwanda",2020,1,1
"Rwanda",2021,1,1
"Rwanda",2022,1,3
"Rwanda",2023,1,1
"Saint Helena, Ascension and Tristan da Cunha",2020,1,2
"Saint Helena, Ascension and Tristan da Cunha",2021,1,0
"Saint Kitts and Nevis",2018,1,2
"Saint Kitts and Nevis",2019,1,0
"Saint Kitts and Nevis",2020,1,1
"Saint Kitts and Nevis",2021,1,0
"Saint Lucia",2018,1,1
"Saint Lucia",2019,1,2
"Saint Lucia",2020,1,8
"Saint Lucia",2021,1,1
"Saint Lucia",2022,1,15
"Saint Lucia",2023,1,6
"Saint Pierre and Miquelon",2021,1,0
"Saint Pierre and Miquelon",2022,1,5
"Saint Pierre and Miquelon",2023,1,6
"Saint Vincent and the Grenadines",2018,1,0
"Saint Vincent and the Grenadines",2019,1,1
"Saint Vincent and the Grenadines",2020,1,0
"Saint Vincent and the Grenadines",2021,1,1
"Saint Vincent and the Grenadines",2022,1,2
"Saint Vincent and the Grenadines",2023,1,1
"Saint-Barthelemy",2018,1,0
"Saint-Barthelemy",2019,1,0
"Saint-Barthelemy",2020,1,0
"Saint-Barthelemy",2021,1,1
"Saint-Barthelemy",2022,1,2
"Saint-Martin",2018,1,0
"Saint-Martin",2019,1,6
"Saint-Martin",2020,1,6
"Saint-Martin",2021,1,11
"Saint-Martin",2022,1,1
"Saint-Martin",2023,1,2
"Samoa",2021,1,12
"San Marino",2020,1,2
"San Marino",2021,1,11
"San Marino",2022,1,12
"San Marino",2023,1,1
"Sao Tome and Principe",2020,1,2
"Sao Tome and Principe",2021,1,6
"Sao Tome and Principe",2022,1,5
"Sao Tome and Principe",2023,1,6
"Saudi Arabia",2015,1,1
"Saudi Arabia",2016,1,6
"Saudi Arabia",2017,1,3
"Saudi Arabia",2018,1,2
"Saudi Arabia",2019,1,1
"Saudi Arabia",2020,1,3
"Saudi Arabia",2021,1,1
"Saudi Arabia",2022,1,1
"Senegal",1997,1,1
"Senegal",1998,1,1
"Senegal",1999,1,4
"Senegal",2000,1,34
"Senegal",2001,1,5
"Senegal",2002,1,1
"Senegal",2003,1,2
"Senegal",2004,1,3
"Senegal",2005,1,7
"Senegal",2006,1,4
"Senegal",2007,1,1
"Senegal",2008,1,8
"Senegal",2009,1,1
"Senegal",2010,1,10
"Senegal",2011,1,12
"Senegal",2012,1,21
"Senegal",2013,1,25
"Senegal",2014,1,64
"Senegal",2015,1,70
"Senegal",2016,1,27
"Senegal",2017,1,28
"Senegal",2018,1,53
"Senegal",2019,1,37
"Senegal",2020,1,43
"Senegal",2021,1,79
"Senegal",2022,1,109
"Senegal",2023,1,96
"Serbia",2018,1,198
"Serbia",2019,1,1004
"Serbia",2020,1,390
"Serbia",2021,1,379
"Serbia",2022,1,380
"Serbia",2023,1,407
"Seychelles",2020,1,7
"Seychelles",2021,1,1
"Seychelles",2023,1,3
"Sierra Leone",1997,1,0
"Sierra Leone",1998,1,0
"Sierra Leone",1999,1,0
"Sierra Leone",2000,1,0
"Sierra Leone",2001,1,0
"Sierra Leone",2002,1,0
"Sierra Leone",2003,1,4
"Sierra Leone",2004,1,1
"Sierra Leone",2005,1,1
"Sierra Leone",2006,1,0
"Sierra Leone",2007,1,1
"Sierra Leone",2008,1,0
"Sierra Leone",2009,1,4
"Sierra Leone",2010,1,7
"Sierra Leone",2011,1,0
"Sierra Leone",2012,1,4
"Sierra Leone",2013,1,2
"Sierra Leone",2014,1,3
"Sierra Leone",2015,1,15
"Sierra Leone",2016,1,6
"Sierra Leone",2017,1,10
"Sierra Leone",2018,1,26
"Sierra Leone",2019,1,23
"Sierra Leone",2020,1,22
"Sierra Leone",2021,1,4
"Sierra Leone",2022,1,5
"Sierra Leone",2023,1,14
"Singapore",2020,1,2
"Singapore",2021,1,3
"Singapore",2022,1,4
"Singapore",2023,1,1
"Sint Maarten",2018,1,1
"Sint Maarten",2019,1,1
"Sint Maarten",2020,1,9
"Sint Maarten",2021,1,5
"Sint Maarten",2022,1,3
"Sint Maarten",2023,1,1
"Slovakia",2020,1,140
"Slovakia",2021,1,103
"Slovakia",2022,1,83
"Slovakia",2023,1,65
"Slovenia",2020,1,132
"Slovenia",2021,1,138
"Slovenia",2022,1,64
"Slovenia",2023,1,79
"Solomon Islands",2021,1,7
"Solomon Islands",2022,1,5
"Solomon Islands",2023,1,2
"Somalia",1997,1,0
"Somalia",1998,1,0
"Somalia",1999,1,0
"Somalia",2000,1,0
"Somalia",2001,1,0
"Somalia",2002,1,0
"Somalia",2003,1,0
"Somalia",2004,1,1
"Somalia",2005,1,39
"Somalia",2006,1,87
"Somalia",2007,1,46
"Somalia",2008,1,52
"Somalia",2009,1,40
"Somalia",2010,1,75
"Somalia",2011,1,70
"Somalia",2012,1,76
"Somalia",2013,1,167
"Somalia",2014,1,165
"Somalia",2015,1,136
"Somalia",2016,1,137
"Somalia",2017,1,125
"Somalia",2018,1,109
"Somalia",2019,1,78
"Somalia",2020,1,119
"Somalia",2021,1,77
"Somalia",2022,1,68
"Somalia",2023,1,69
"South Africa",1997,1,37
"South Africa",1998,1,22
"South Africa",1999,1,21
"South Africa",2000,1,35
"South Africa",2001,1,60
"South Africa",2002,1,75
"South Africa",2003,1,70
"South Africa",2004,1,46
"South Africa",2005,1,54
"South Africa",2006,1,29
"South Africa",2007,1,92
"South Africa",2008,1,135
"South Africa",2009,1,184
"South Africa",2010,1,150
"South Africa",2011,1,148
"South Africa",2012,1,459
"South Africa",2013,1,557
"South Africa",2014,1,490
"South Africa",2015,1,600
"South Africa",2016,1,735
"South Africa",2017,1,567
"South Africa",2018,1,536
"South Africa",2019,1,843
"South Africa",2020,1,1068
"South Africa",2021,1,1061
"South Africa",2022,1,1261
"South Africa",2023,1,1001
"South Georgia and the South Sandwich Islands",2018,1,0
"South Georgia and the South Sandwich Islands",2019,1,0
"South Georgia and the South Sandwich Islands",2020,1,0
"South Georgia and the South Sandwich Islands",2021,1,0
"South Korea",2018,1,3944
"South Korea",2019,1,5319
"South Korea",2020,1,4851
"South Korea",2021,1,6202
"South Korea",2022,1,5937
"South Korea",2023,1,5325
"South Sudan",2011,1,1
"South Sudan",2012,1,13
"South Sudan",2013,1,10
"South Sudan",2014,1,46
"South Sudan",2015,1,31
"South Sudan",2016,1,29
"South Sudan",2017,1,36
"South Sudan",2018,1,16
"South Sudan",2019,1,19
"South Sudan",2020,1,40
"South Sudan",2021,1,30
"South Sudan",2022,1,27
"South Sudan",2023,1,33
"Spain",2020,1,3348
"Spain",2021,1,4405
"Spain",2022,1,3815
"Spain",2023,1,2468
"Sri Lanka",2010,1,110
"Sri Lanka",2011,1,151
"Sri Lanka",2012,1,152
"Sri Lanka",2013,1,146
"Sri Lanka",2014,1,106
"Sri Lanka",2015,1,214
"Sri Lanka",2016,1,391
"Sri Lanka",2017,1,351
"Sri Lanka",2018,1,427
"Sri Lanka",2019,1,675
"Sri Lanka",2020,1,421
"Sri Lanka",2021,1,894
"Sri Lanka",2022,1,1019
"Sri Lanka",2023,1,727
"Sudan",1997,1,16
"Sudan",1998,1,6
"Sudan",1999,1,12
"Sudan",2000,1,9
"Sudan",2001,1,16
"Sudan",2002,1,11
"Sudan",2003,1,5
"Sudan",2004,1,3
"Sudan",2005,1,3
"Sudan",2006,1,1
"Sudan",2007,1,1
"Sudan",2008,1,3
"Sudan",2009,1,3
"Sudan",2010,1,13
"Sudan",2011,1,38
"Sudan",2012,1,106
"Sudan",2013,1,117
"Sudan",2014,1,174
"Sudan",2015,1,131
"Sudan",2016,1,165
"Sudan",2017,1,145
"Sudan",2018,1,152
"Sudan",2019,1,1095
"Sudan",2020,1,500
"Sudan",2021,1,814
"Sudan",2022,1,1772
"Sudan",2023,1,498
"Suriname",2018,1,26
"Suriname",2019,1,7
"Suriname",2020,1,27
"Suriname",2021,1,31
"Suriname",2022,1,51
"Suriname",2023,1,21
"Sweden",2020,1,903
"Sweden",2021,1,1244
"Sweden",2022,1,1472
"Sweden",2023,1,1199
"Switzerland",2020,1,165
"Switzerland",2021,1,229
"Switzerland",2022,1,186
"Switzerland",2023,1,154
"Syria",2017,1,205
"Syria",2018,1,535
"Syria",2019,1,362
"Syria",2020,1,478
"Syria",2021,1,340
"Syria",2022,1,422
"Syria",2023,1,942
"Taiwan",2018,1,655
"Taiwan",2019,1,810
"Taiwan",2020,1,531
"Taiwan",2021,1,1160
"Taiwan",2022,1,838
"Taiwan",2023,1,1124
"Tajikistan",2018,1,8
"Tajikistan",2019,1,5
"Tajikistan",2020,1,14
"Tajikistan",2021,1,3
"Tajikistan",2022,1,5
"Tajikistan",2023,1,3
"Tanzania",1997,1,0
"Tanzania",1998,1,0
"Tanzania",1999,1,0
"Tanzania",2000,1,0
"Tanzania",2001,1,8
"Tanzania",2002,1,3
"Tanzania",2003,1,4
"Tanzania",2004,1,4
"Tanzania",2005,1,8
"Tanzania",2006,1,4
"Tanzania",2007,1,0
"Tanzania",2008,1,7
"Tanzania",2009,1,2
"Tanzania",2010,1,1
"Tanzania",2011,1,13
"Tanzania",2012,1,28
"Tanzania",2013,1,12
"Tanzania",2014,1,16
"Tanzania",2015,1,21
"Tanzania",2016,1,5
"Tanzania",2017,1,6
"Tanzania",2018,1,10
"Tanzania",2019,1,7
"Tanzania",2020,1,1
"Tanzania",2021,1,16
"Tanzania",2022,1,10
"Tanzania",2023,1,12
"Thailand",2010,1,187
"Thailand",2011,1,96
"Thailand",2012,1,116
"Thailand",2013,1,289
"Thailand",2014,1,394
"Thailand",2015,1,179
"Thailand",2016,1,116
"Thailand",2017,1,157
"Thailand",2018,1,165
"Thailand",2019,1,186
"Thailand",2020,1,821
"Thailand",2021,1,865
"Thailand",2022,1,335
"Thailand",2023,1,280
"Togo",1997,1,6
"Togo",1998,1,4
"Togo",1999,1,1
"Togo",2000,1,1
"Togo",2001,1,4
"Togo",2002,1,2
"Togo",2003,1,0
"Togo",2004,1,0
"Togo",2005,1,8
"Togo",2006,1,0
"Togo",2007,1,1
"Togo",2008,1,0
"Togo",2009,1,3
"Togo",2010,1,17
"Togo",2011,1,7
"Togo",2012,1,9
"Togo",2013,1,32
"Togo",2014,1,10
"Togo",2015,1,12
"Togo",2016,1,3
"Togo",2017,1,38
"Togo",2018,1,25
"Togo",2019,1,7
"Togo",2020,1,23
"Togo",2021,1,17
"Togo",2022,1,5
"Togo",2023,1,2
"Tokelau",2021,1,0
"Tonga",2021,1,1
"Trinidad and Tobago",2018,1,99
"Trinidad and Tobago",2019,1,46
"Trinidad and Tobago",2020,1,67
"Trinidad and Tobago",2021,1,111
"Trinidad and Tobago",2022,1,182
"Trinidad and Tobago",2023,1,107
"Tunisia",1997,1,0
"Tunisia",1998,1,2
"Tunisia",1999,1,1
"Tunisia",2000,1,2
"Tunisia",2001,1,0
"Tunisia",2002,1,1
"Tunisia",2003,1,2
"Tunisia",2004,1,3
"Tunisia",2005,1,1
"Tunisia",2006,1,0
"Tunisia",2007,1,0
"Tunisia",2008,1,14
"Tunisia",2009,1,1
"Tunisia",2010,1,22
"Tunisia",2011,1,357
"Tunisia",2012,1,188
"Tunisia",2013,1,146
"Tunisia",2014,1,125
"Tunisia",2015,1,314
"Tunisia",2016,1,488
"Tunisia",2017,1,471
"Tunisia",2018,1,384
"Tunisia",2019,1,1251
"Tunisia",2020,1,1512
"Tunisia",2021,1,1032
"Tunisia",2022,1,775
"Tunisia",2023,1,639
"Turkey",2016,1,2131
"Turkey",2017,1,656
"Turkey",2018,1,1839
"Turkey",2019,1,3169
"Turkey",2020,1,2198
"Turkey",2021,1,3017
"Turkey",2022,1,4061
"Turkey",2023,1,2577
"Turkmenistan",2018,1,1
"Turkmenistan",2019,1,1
"Turkmenistan",2020,1,7
"Turkmenistan",2021,1,0
"Turkmenistan",2022,1,2
"Turkmenistan",2023,1,1
"Turks and Caicos Islands",2018,1,2
"Turks and Caicos Islands",2019,1,1
"Turks and Caicos Islands",2020,1,2
"Turks and Caicos Islands",2021,1,1
"Tuvalu",2021,1,0
"Uganda",1997,1,0
"Uganda",1998,1,2
"Uganda",1999,1,2
"Uganda",2000,1,1
"Uganda",2001,1,2
"Uganda",2002,1,3
"Uganda",2003,1,0
"Uganda",2004,1,3
"Uganda",2005,1,10
"Uganda",2006,1,4
"Uganda",2007,1,7
"Uganda",2008,1,10
"Uganda",2009,1,15
"Uganda",2010,1,16
"Uganda",2011,1,42
"Uganda",2012,1,52
"Uganda",2013,1,53
"Uganda",2014,1,24
"Uganda",2015,1,77
"Uganda",2016,1,54
"Uganda",2017,1,72
"Uganda",2018,1,75
"Uganda",2019,1,93
"Uganda",2020,1,131
"Uganda",2021,1,420
"Uganda",2022,1,146
"Uganda",2023,1,107
"Ukraine",2018,1,1303
"Ukraine",2019,1,1429
"Ukraine",2020,1,1371
"Ukraine",2021,1,1188
"Ukraine",2022,1,292
"Ukraine",2023,1,69
"United Arab Emirates",2017,1,1
"United Arab Emirates",2018,1,1
"United Arab Emirates",2019,1,1
"United Arab Emirates",2020,1,0
"United Arab Emirates",2021,1,0
"United Arab Emirates",2022,1,6
"United Kingdom",2020,1,2198
"United Kingdom",2021,1,1585
"United Kingdom",2022,1,1745
"United Kingdom",2023,1,964
"United States",2020,1,21583
"United States",2021,1,13129
"United States",2022,1,12121
"United States",2023,1,9678
"United States Minor Outlying Islands",2021,1,0
"Uruguay",2018,1,42
"Uruguay",2019,1,45
"Uruguay",2020,1,55
"Uruguay",2021,1,55
"Uruguay",2022,1,108
"Uruguay",2023,1,85
"Uzbekistan",2018,1,11
"Uzbekistan",2019,1,46
"Uzbekistan",2020,1,185
"Uzbekistan",2021,1,251
"Uzbekistan",2022,1,114
"Uzbekistan",2023,1,71
"Vanuatu",2021,1,3
"Vanuatu",2022,1,1
"Vanuatu",2023,1,1
"Vatican City",2020,1,2
"Vatican City",2021,1,0
"Vatican City",2022,1,1
"Vatican City",2023,1,2
"Venezuela",2018,1,2008
"Venezuela",2019,1,2628
"Venezuela",2020,1,2511
"Venezuela",2021,1,1945
"Venezuela",2022,1,2238
"Venezuela",2023,1,2537
"Vietnam",2010,1,9
"Vietnam",2011,1,20
"Vietnam",2012,1,21
"Vietnam",2013,1,10
"Vietnam",2014,1,17
"Vietnam",2015,1,48
"Vietnam",2016,1,40
"Vietnam",2017,1,29
"Vietnam",2018,1,38
"Vietnam",2019,1,25
"Vietnam",2020,1,9
"Vietnam",2021,1,0
"Vietnam",2022,1,11
"Vietnam",2023,1,14
"Virgin Islands, U.S.",2018,1,0
"Virgin Islands, U.S.",2019,1,0
"Virgin Islands, U.S.",2020,1,0
"Virgin Islands, U.S.",2021,1,3
"Wallis and Futuna",2021,1,6
"Wallis and Futuna",2022,1,1
"Wallis and Futuna",2023,1,10
"Yemen",2015,1,231
"Yemen",2016,1,86
"Yemen",2017,1,123
"Yemen",2018,1,324
"Yemen",2019,1,386
"Yemen",2020,1,646
"Yemen",2021,1,749
"Yemen",2022,1,436
"Yemen",2023,1,1758
"Zambia",1997,1,2
"Zambia",1998,1,9
"Zambia",1999,1,2
"Zambia",2000,1,3
"Zambia",2001,1,1
"Zambia",2002,1,1
"Zambia",2003,1,16
"Zambia",2004,1,18
"Zambia",2005,1,34
"Zambia",2006,1,14
"Zambia",2007,1,65
"Zambia",2008,1,14
"Zambia",2009,1,24
"Zambia",2010,1,3
"Zambia",2011,1,4
"Zambia",2012,1,18
"Zambia",2013,1,39
"Zambia",2014,1,34
"Zambia",2015,1,39
"Zambia",2016,1,17
"Zambia",2017,1,12
"Zambia",2018,1,15
"Zambia",2019,1,5
"Zambia",2020,1,8
"Zambia",2021,1,29
"Zambia",2022,1,41
"Zambia",2023,1,13
"Zimbabwe",1997,1,12
"Zimbabwe",1998,1,45
"Zimbabwe",1999,1,19
"Zimbabwe",2000,1,1
"Zimbabwe",2001,1,5
"Zimbabwe",2002,1,3
"Zimbabwe",2003,1,13
"Zimbabwe",2004,1,13
"Zimbabwe",2005,1,30
"Zimbabwe",2006,1,27
"Zimbabwe",2007,1,56
"Zimbabwe",2008,1,36
"Zimbabwe",2009,1,33
"Zimbabwe",2010,1,19
"Zimbabwe",2011,1,24
"Zimbabwe",2012,1,43
"Zimbabwe",2013,1,42
"Zimbabwe",2014,1,78
"Zimbabwe",2015,1,97
"Zimbabwe",2016,1,90
"Zimbabwe",2017,1,56
"Zimbabwe",2018,1,76
"Zimbabwe",2019,1,61
"Zimbabwe",2020,1,53
"Zimbabwe",2021,1,50
"Zimbabwe",2022,1,50
"Zimbabwe",2023,1,27
"eSwatini",1997,1,5
"eSwatini",1998,1,0
"eSwatini",1999,1,0
"eSwatini",2000,1,5
"eSwatini",2001,1,1
"eSwatini",2002,1,3
"eSwatini",2003,1,5
"eSwatini",2004,1,1
"eSwatini",2005,1,1
"eSwatini",2006,1,1
"eSwatini",2007,1,3
"eSwatini",2008,1,6
"eSwatini",2009,1,0
"eSwatini",2010,1,4
"eSwatini",2011,1,8
"eSwatini",2012,1,37
"eSwatini",2013,1,6
"eSwatini",2014,1,7
"eSwatini",2015,1,2
"eSwatini",2016,1,4
"eSwatini",2017,1,2
"eSwatini",2018,1,4
"eSwatini",2019,1,15
"eSwatini",2020,1,8
"eSwatini",2021,1,82
"eSwatini",2022,1,60
"eSwatini",2023,1,29
