"WarNum","WarName","ccode","StateName","Side","StartMonth1","StartDay1","StartYear1","EndMonth1","EndDay1","EndYear1","StartMonth2","StartDay2","StartYear2","EndMonth2","EndDay2","EndYear2","TransFrom","WhereFought","Initiator","Outcome","TransTo","BatDeath","region","sub.region","war.duration"
1,"Franco-Spanish War",230,"Spain",2,4,7,1823,11,13,1823,NA,NA,NA,NA,NA,NA,"503","Europe",2,"Loser",NA,600,"Europe","Southern Europe",0.599772328767123
1,"Franco-Spanish War",220,"France",1,4,7,1823,11,13,1823,NA,NA,NA,NA,NA,NA,"503","Europe",1,"Winner",NA,400,"Europe","Western Europe",0.599772328767123
4,"First Russo-Turkish",640,"Ottoman Empire",2,4,26,1828,9,14,1829,NA,NA,NA,NA,NA,NA,"506","Europe & Middle East",2,"Loser",NA,80000,NA,NA,1.44954383561644
4,"First Russo-Turkish",365,"Russia",1,4,26,1828,9,14,1829,NA,NA,NA,NA,NA,NA,"506","Europe & Middle East",1,"Winner",NA,50000,"Europe","Eastern Europe",1.44954383561644
7,"Mexican-American",70,"Mexico",2,4,25,1846,9,14,1847,NA,NA,NA,NA,NA,NA,NA,"W. Hemisphere",2,"Loser",NA,6000,"Americas","Latin America and the Caribbean",1.44680410958904
7,"Mexican-American",2,"United States",1,4,25,1846,9,14,1847,NA,NA,NA,NA,NA,NA,NA,"W. Hemisphere",1,"Winner",NA,13283,"Americas","Northern America",1.44680410958904
10,"Austro-Sardinian",337,"Tuscany",2,3,29,1848,8,9,1848,NA,NA,NA,NA,NA,NA,NA,"Europe",2,"Loser",NA,100,NA,NA,0.471461643835616
10,"Austro-Sardinian",325,"Italy",2,3,24,1848,8,9,1848,3,12,1849,3,30,1849,"551","Europe",1,"Loser",NA,3400,"Europe","Southern Europe",0.45776301369863
10,"Austro-Sardinian",300,"Austria",1,3,24,1848,8,9,1848,3,12,1849,3,30,1849,"551","Europe",2,"Winner",NA,3927,"Europe","Western Europe",0.45776301369863
10,"Austro-Sardinian",332,"Modena",2,4,9,1848,8,9,1848,NA,NA,NA,NA,NA,NA,NA,"Europe",2,"Loser",NA,100,NA,NA,0.333333698630137
13,"First Schleswig-Holstein",255,"Prussia",1,4,10,1848,8,26,1848,3,25,1849,7,10,1849,NA,"Europe",1,"Winner",NA,2500,NA,NA,0.377169315068493
13,"First Schleswig-Holstein",390,"Denmark",2,4,10,1848,8,26,1848,3,25,1849,7,10,1849,NA,"Europe",2,"Loser",NA,3500,"Europe","Northern Europe",0.377169315068493
16,"Roman Republic",220,"France",1,4,30,1849,7,2,1849,NA,NA,NA,NA,NA,NA,NA,"Europe",1,"Winner",NA,1000,"Europe","Western Europe",0.326712602739726
16,"Roman Republic",329,"Two Sicilies",1,5,8,1849,7,2,1849,NA,NA,NA,NA,NA,NA,NA,"Europe",2,"Winner",NA,100,NA,NA,0.183105205479452
16,"Roman Republic",300,"Austria",1,5,8,1849,7,2,1849,NA,NA,NA,NA,NA,NA,NA,"Europe",2,"Winner",NA,100,"Europe","Western Europe",0.183105205479452
16,"Roman Republic",327,"Papal States",2,4,30,1849,7,2,1849,NA,NA,NA,NA,NA,NA,NA,"Europe",2,"Loser",NA,1400,NA,NA,0.326712602739726
19,"La Plata",160,"Argentina",2,7,19,1851,2,3,1852,NA,NA,NA,NA,NA,NA,"327","W. Hemisphere",2,"Loser",NA,800,"Americas","Latin America and the Caribbean",1.46050273972603
19,"La Plata",140,"Brazil",1,7,19,1851,2,3,1852,NA,NA,NA,NA,NA,NA,"327","W. Hemisphere",1,"Winner",NA,500,"Americas","Latin America and the Caribbean",1.46050273972603
22,"Crimean",640,"Turkey",1,10,23,1853,3,1,1856,NA,NA,NA,NA,NA,NA,NA,"Europe",1,"Winner",NA,45000,"Asia","Western Asia",3.64360794520548
22,"Crimean",325,"Italy",1,1,10,1855,3,1,1856,NA,NA,NA,NA,NA,NA,NA,"Europe",2,"Winner",NA,2200,"Europe","Southern Europe",1.19132438356164
22,"Crimean",220,"France",1,3,31,1854,3,1,1856,NA,NA,NA,NA,NA,NA,NA,"Europe",2,"Winner",NA,95000,"Europe","Western Europe",2.08219178082192
22,"Crimean",200,"United Kingdom",1,3,31,1854,3,1,1856,NA,NA,NA,NA,NA,NA,NA,"Europe",2,"Winner",NA,22000,"Europe","Northern Europe",2.08219178082192
22,"Crimean",365,"Russia",2,10,23,1853,3,1,1856,NA,NA,NA,NA,NA,NA,NA,"Europe",2,"Loser",NA,1e+05,"Europe","Eastern Europe",3.64360794520548
25,"Anglo-Persian",200,"United Kingdom",1,10,25,1856,4,5,1857,NA,NA,NA,NA,NA,NA,NA,"Middle East",1,"Winner",NA,500,"Europe","Northern Europe",1.55479506849315
25,"Anglo-Persian",630,"Iran",2,10,25,1856,4,5,1857,NA,NA,NA,NA,NA,NA,NA,"Middle East",2,"Loser",NA,1500,"Asia","Southern Asia",1.55479506849315
28,"Italian Unification",325,"Sardinia/Piedmont",1,4,29,1859,7,12,1859,NA,NA,NA,NA,NA,NA,NA,"Europe",2,"Winner",NA,2500,NA,NA,0.296575616438356
28,"Italian Unification",300,"Austria",2,4,29,1859,7,12,1859,NA,NA,NA,NA,NA,NA,NA,"Europe",1,"Loser",NA,12500,"Europe","Western Europe",0.296575616438356
28,"Italian Unification",220,"France",1,5,3,1859,7,12,1859,NA,NA,NA,NA,NA,NA,NA,"Europe",2,"Winner",NA,7500,"Europe","Western Europe",0.191324383561644
31,"First Spanish-Moroccan",600,"Morocco",2,10,22,1859,3,25,1860,NA,NA,NA,NA,NA,NA,NA,"Middle East",2,"Loser",NA,6000,"Africa","Northern Africa",1.59155315068493
31,"First Spanish-Moroccan",230,"Spain",1,10,22,1859,3,25,1860,NA,NA,NA,NA,NA,NA,NA,"Middle East",1,"Winner",NA,4000,"Europe","Southern Europe",1.59155315068493
34,"Italian-Roman",325,"Sardinia/Piedmont",1,9,11,1860,9,29,1860,NA,NA,NA,NA,NA,NA,NA,"Europe",1,"Winner",NA,300,NA,NA,0.0493150684931507
34,"Italian-Roman",327,"Papal States",2,9,11,1860,9,29,1860,NA,NA,NA,NA,NA,NA,NA,"Europe",2,"Loser",NA,700,NA,NA,0.0493150684931507
37,"Neapolitan",329,"Two Sicilies",2,10,15,1860,2,13,1861,NA,NA,NA,NA,NA,NA,"352","Europe",2,"Loser",NA,400,NA,NA,1.67214684931507
37,"Neapolitan",325,"Sardinia/Piedmont",1,10,15,1860,2,13,1861,NA,NA,NA,NA,NA,NA,"352","Europe",1,"Winner",NA,600,NA,NA,1.67214684931507
40,"Franco-Mexican",70,"Mexico",1,4,16,1862,2,5,1867,NA,NA,NA,NA,NA,NA,"557","W. Hemisphere",2,"The war was transformed into another type of war",587,12000,"Americas","Latin America and the Caribbean",5.19680383561644
40,"Franco-Mexican",220,"France",2,4,16,1862,2,5,1867,NA,NA,NA,NA,NA,NA,"557","W. Hemisphere",1,"The war was transformed into another type of war",587,8000,"Europe","Western Europe",5.19680383561644
43,"Ecuadorian-Colombian",100,"Colombia",1,11,22,1863,12,6,1863,NA,NA,NA,NA,NA,NA,NA,"W. Hemisphere",1,"Winner",NA,300,"Americas","Latin America and the Caribbean",0.12716904109589
43,"Ecuadorian-Colombian",130,"Ecuador",2,11,22,1863,12,6,1863,NA,NA,NA,NA,NA,NA,NA,"W. Hemisphere",2,"Loser",NA,700,"Americas","Latin America and the Caribbean",0.12716904109589
46,"Second Schleswig-Holstein",255,"Germany",1,2,1,1864,4,25,1864,6,25,1864,7,20,1864,NA,"Europe",1,"Winner",NA,1048,"Europe","Western Europe",0.232420273972603
46,"Second Schleswig-Holstein",390,"Denmark",2,2,1,1864,4,25,1864,6,25,1864,7,20,1864,NA,"Europe",2,"Loser",NA,2933,"Europe","Northern Europe",0.232420273972603
46,"Second Schleswig-Holstein",300,"Austria",1,2,1,1864,4,25,1864,6,25,1864,7,20,1864,NA,"Europe",2,"Winner",NA,500,"Europe","Western Europe",0.232420273972603
49,"Lopez",160,"Argentina",1,3,5,1865,3,1,1870,NA,NA,NA,NA,NA,NA,NA,"W. Hemisphere",2,"Winner",NA,10000,"Americas","Latin America and the Caribbean",5.01095890410959
49,"Lopez",150,"Paraguay",2,11,12,1864,3,1,1870,NA,NA,NA,NA,NA,NA,NA,"W. Hemisphere",1,"Loser",NA,2e+05,"Americas","Latin America and the Caribbean",6.69680438356164
49,"Lopez",140,"Brazil",1,11,12,1864,3,1,1870,NA,NA,NA,NA,NA,NA,NA,"W. Hemisphere",2,"Winner",NA,1e+05,"Americas","Latin America and the Caribbean",6.69680438356164
52,"Naval War",155,"Chile",1,9,25,1865,5,9,1866,NA,NA,NA,NA,NA,NA,NA,"W. Hemisphere",2,"Winner",NA,100,"Americas","Latin America and the Caribbean",1.37716931506849
52,"Naval War",135,"Peru",1,1,14,1866,5,9,1866,NA,NA,NA,NA,NA,NA,NA,"W. Hemisphere",2,"Winner",NA,600,"Americas","Latin America and the Caribbean",0.347032328767123
52,"Naval War",230,"Spain",2,9,25,1865,5,9,1866,NA,NA,NA,NA,NA,NA,NA,"W. Hemisphere",1,"Loser",NA,300,"Europe","Southern Europe",1.37716931506849
55,"Seven Weeks",325,"Italy",1,6,20,1866,7,26,1866,NA,NA,NA,NA,NA,NA,NA,"Europe",2,"Winner",NA,4000,"Europe","Southern Europe",0.0997717808219178
55,"Seven Weeks",275,"Hesse Grand Ducal",2,6,15,1866,7,26,1866,NA,NA,NA,NA,NA,NA,NA,"Europe",2,"Loser",NA,100,NA,NA,0.113470410958904
55,"Seven Weeks",271,"Wuerttemburg",2,6,15,1866,7,26,1866,NA,NA,NA,NA,NA,NA,NA,"Europe",2,"Loser",NA,100,NA,NA,0.113470410958904
55,"Seven Weeks",245,"Bavaria",2,6,15,1866,7,26,1866,NA,NA,NA,NA,NA,NA,NA,"Europe",2,"Loser",NA,500,NA,NA,0.113470410958904
55,"Seven Weeks",300,"Austria",2,6,15,1866,7,26,1866,NA,NA,NA,NA,NA,NA,NA,"Europe",2,"Loser",NA,28000,"Europe","Western Europe",0.113470410958904
55,"Seven Weeks",255,"Germany",1,6,15,1866,7,26,1866,NA,NA,NA,NA,NA,NA,NA,"Europe",1,"Winner",NA,10000,"Europe","Western Europe",0.113470410958904
55,"Seven Weeks",280,"Mecklenburg Schwerin",1,6,15,1866,7,26,1866,NA,NA,NA,NA,NA,NA,NA,"Europe",2,"Winner",NA,100,NA,NA,0.113470410958904
55,"Seven Weeks",273,"Hesse Electoral",2,6,15,1866,7,26,1866,NA,NA,NA,NA,NA,NA,NA,"Europe",2,"Loser",NA,100,NA,NA,0.113470410958904
55,"Seven Weeks",269,"Saxony",2,6,15,1866,7,26,1866,NA,NA,NA,NA,NA,NA,NA,"Europe",2,"Loser",NA,600,NA,NA,0.113470410958904
55,"Seven Weeks",267,"Baden",2,6,15,1866,7,26,1866,NA,NA,NA,NA,NA,NA,NA,"Europe",2,"Loser",NA,100,NA,NA,0.113470410958904
55,"Seven Weeks",240,"Hanover",2,6,15,1866,6,29,1866,NA,NA,NA,NA,NA,NA,NA,"Europe",2,"Loser",NA,500,NA,NA,0.0383561643835616
58,"Franco-Prussian",271,"Wuerttemburg",1,7,19,1870,11,25,1870,NA,NA,NA,NA,NA,NA,NA,"Europe",2,"Winner",NA,976,NA,NA,0.349772054794521
58,"Franco-Prussian",267,"Baden",1,7,19,1870,11,22,1870,NA,NA,NA,NA,NA,NA,NA,"Europe",2,"Winner",NA,956,NA,NA,0.341552876712329
58,"Franco-Prussian",255,"Germany",1,7,19,1870,2,26,1871,NA,NA,NA,NA,NA,NA,NA,"Europe",2,"Winner",NA,44781,"Europe","Western Europe",1.43584520547945
58,"Franco-Prussian",245,"Bavaria",1,7,19,1870,11,15,1870,NA,NA,NA,NA,NA,NA,NA,"Europe",2,"Winner",NA,5600,NA,NA,0.344292602739726
58,"Franco-Prussian",220,"France",2,7,19,1870,2,26,1871,NA,NA,NA,NA,NA,NA,NA,"Europe",1,"Loser",NA,152000,"Europe","Western Europe",1.43584520547945
60,"First Central American",90,"Guatemala",1,3,27,1876,4,25,1876,NA,NA,NA,NA,NA,NA,NA,"W. Hemisphere",1,"Winner",NA,2000,"Americas","Latin America and the Caribbean",0.0888128767123288
60,"First Central American",92,"El Salvador",2,3,27,1876,4,25,1876,NA,NA,NA,NA,NA,NA,NA,"W. Hemisphere",2,"Loser",NA,2000,"Americas","Latin America and the Caribbean",0.0888128767123288
61,"Second Russo-Turkish",640,"Turkey",2,4,24,1877,1,31,1878,NA,NA,NA,NA,NA,NA,"373","Europe & Middle East",2,"Loser",NA,165000,"Asia","Western Asia",1.26917835616438
61,"Second Russo-Turkish",365,"Russia",1,4,24,1877,1,31,1878,NA,NA,NA,NA,NA,NA,"373","Europe & Middle East",1,"Winner",NA,120000,"Europe","Eastern Europe",1.26917835616438
64,"War of the Pacific",155,"Chile",1,2,14,1879,12,11,1883,NA,NA,NA,NA,NA,NA,NA,"W. Hemisphere",1,"Winner",NA,3276,"Americas","Latin America and the Caribbean",4.84155342465753
64,"War of the Pacific",135,"Peru",2,4,5,1879,10,23,1883,NA,NA,NA,NA,NA,NA,NA,"W. Hemisphere",2,"Loser",NA,9672,"Americas","Latin America and the Caribbean",4.54931561643836
64,"War of the Pacific",145,"Bolivia",2,2,14,1879,12,11,1883,NA,NA,NA,NA,NA,NA,NA,"W. Hemisphere",2,"Loser",NA,920,"Americas","Latin America and the Caribbean",4.84155342465753
65,"Conquest of Egypt",651,"Egypt",2,7,11,1882,9,15,1882,NA,NA,NA,NA,NA,NA,NA,"Middle East",2,"Loser",NA,10000,"Africa","Northern Africa",0.177625753424658
65,"Conquest of Egypt",200,"United Kingdom",1,7,11,1882,9,15,1882,NA,NA,NA,NA,NA,NA,NA,"Middle East",1,"Winner",NA,79,"Europe","Northern Europe",0.177625753424658
67,"Sino-French",220,"France",1,6,15,1884,6,9,1885,NA,NA,NA,NA,NA,NA,"385","Asia",1,"Winner",NA,2100,"Europe","Western Europe",1.01643835616438
67,"Sino-French",710,"China",2,6,15,1884,6,9,1885,NA,NA,NA,NA,NA,NA,"385","Asia",2,"Loser",NA,10000,"Asia","Eastern Asia",1.01643835616438
70,"Second Central American",92,"El Salvador",1,3,28,1885,4,15,1885,NA,NA,NA,NA,NA,NA,NA,"W. Hemisphere",2,"Winner",NA,200,"Americas","Latin America and the Caribbean",0.118949863013699
70,"Second Central American",90,"Guatemala",2,3,28,1885,4,15,1885,NA,NA,NA,NA,NA,NA,NA,"W. Hemisphere",1,"Loser",NA,800,"Americas","Latin America and the Caribbean",0.118949863013699
73,"First Sino-Japanese",710,"China",2,7,25,1894,3,30,1895,NA,NA,NA,NA,NA,NA,NA,"Asia",2,"Loser",NA,10000,"Asia","Eastern Asia",1.34703232876712
73,"First Sino-Japanese",740,"Japan",1,7,25,1894,3,30,1895,NA,NA,NA,NA,NA,NA,NA,"Asia",1,"Winner",NA,5000,"Asia","Eastern Asia",1.34703232876712
76,"Greco-Turkish",350,"Greece",2,2,15,1897,5,19,1897,NA,NA,NA,NA,NA,NA,"631","Europe",1,"Loser",NA,600,"Europe","Southern Europe",0.260959178082192
76,"Greco-Turkish",640,"Turkey",1,2,15,1897,5,19,1897,NA,NA,NA,NA,NA,NA,"631","Europe",2,"Winner",NA,1400,"Asia","Western Asia",0.260959178082192
79,"Spanish-American",230,"Spain",2,4,22,1898,8,12,1898,NA,NA,NA,NA,NA,NA,"404, 410","W. Hemisphere & Asia",2,"Loser",NA,775,"Europe","Southern Europe",0.36073095890411
79,"Spanish-American",2,"United States",1,4,22,1898,8,12,1898,NA,NA,NA,NA,NA,NA,"404, 410","W. Hemisphere & Asia",1,"Winner",NA,2910,"Americas","Northern America",0.36073095890411
82,"Boxer Rebellion",365,"Russia",1,6,17,1900,8,14,1900,NA,NA,NA,NA,NA,NA,NA,"Asia",1,"Winner",NA,302,"Europe","Eastern Europe",0.17488602739726
82,"Boxer Rebellion",740,"Japan",1,6,17,1900,8,14,1900,NA,NA,NA,NA,NA,NA,NA,"Asia",1,"Winner",NA,622,"Asia","Eastern Asia",0.17488602739726
82,"Boxer Rebellion",2,"United States",1,6,17,1900,8,14,1900,NA,NA,NA,NA,NA,NA,NA,"Asia",1,"Winner",NA,21,"Americas","Northern America",0.17488602739726
82,"Boxer Rebellion",710,"China",2,6,17,1900,8,14,1900,NA,NA,NA,NA,NA,NA,NA,"Asia",2,"Loser",NA,2000,"Asia","Eastern Asia",0.17488602739726
82,"Boxer Rebellion",200,"United Kingdom",1,6,17,1900,8,14,1900,NA,NA,NA,NA,NA,NA,NA,"Asia",1,"Winner",NA,34,"Europe","Northern Europe",0.17488602739726
82,"Boxer Rebellion",220,"France",1,6,17,1900,8,14,1900,NA,NA,NA,NA,NA,NA,NA,"Asia",1,"Winner",NA,24,"Europe","Western Europe",0.17488602739726
83,"Sino-Russian",365,"Russia",1,7,17,1900,10,10,1900,NA,NA,NA,NA,NA,NA,NA,"Asia",1,"Winner",NA,242,"Europe","Eastern Europe",0.269178356164384
83,"Sino-Russian",710,"China",2,7,17,1900,10,10,1900,NA,NA,NA,NA,NA,NA,NA,"Asia",2,"Loser",NA,3758,"Asia","Eastern Asia",0.269178356164384
85,"Russo-Japanese",740,"Japan",1,2,8,1904,9,15,1905,NA,NA,NA,NA,NA,NA,NA,"Asia",1,"Winner",NA,80378,"Asia","Eastern Asia",1.60251205479452
85,"Russo-Japanese",365,"Russia",2,2,8,1904,9,15,1905,NA,NA,NA,NA,NA,NA,NA,"Asia",2,"Loser",NA,71453,"Europe","Eastern Europe",1.60251205479452
88,"Third Central American",91,"Honduras",2,5,27,1906,7,20,1906,NA,NA,NA,NA,NA,NA,NA,"W. Hemisphere",2,"Loser",NA,300,"Americas","Latin America and the Caribbean",0.185844931506849
88,"Third Central American",92,"El Salvador",2,5,27,1906,7,20,1906,NA,NA,NA,NA,NA,NA,NA,"W. Hemisphere",2,"Loser",NA,300,"Americas","Latin America and the Caribbean",0.185844931506849
88,"Third Central American",90,"Guatemala",1,5,27,1906,7,20,1906,NA,NA,NA,NA,NA,NA,NA,"W. Hemisphere",1,"Winner",NA,400,"Americas","Latin America and the Caribbean",0.185844931506849
91,"Fourth Central American",93,"Nicaragua",1,2,19,1907,4,23,1907,NA,NA,NA,NA,NA,NA,NA,"W. Hemisphere",1,"Winner",NA,400,"Americas","Latin America and the Caribbean",0.177625753424658
91,"Fourth Central American",92,"El Salvador",2,2,19,1907,4,23,1907,NA,NA,NA,NA,NA,NA,NA,"W. Hemisphere",2,"Loser",NA,300,"Americas","Latin America and the Caribbean",0.177625753424658
91,"Fourth Central American",91,"Honduras",2,2,19,1907,4,23,1907,NA,NA,NA,NA,NA,NA,NA,"W. Hemisphere",2,"Loser",NA,300,"Americas","Latin America and the Caribbean",0.177625753424658
94,"Second Spanish-Moroccan",230,"Spain",1,7,7,1909,3,23,1910,NA,NA,NA,NA,NA,NA,NA,"Middle East",1,"Winner",NA,2000,"Europe","Southern Europe",1.37716931506849
94,"Second Spanish-Moroccan",600,"Morocco",2,7,7,1909,3,23,1910,NA,NA,NA,NA,NA,NA,NA,"Middle East",2,"Loser",NA,8000,"Africa","Northern Africa",1.37716931506849
97,"Italian-Turkish",325,"Italy",1,9,29,1911,10,18,1912,NA,NA,NA,NA,NA,NA,NA,"Middle East",1,"Winner",NA,6000,"Europe","Southern Europe",1.1134704109589
97,"Italian-Turkish",640,"Turkey",2,9,29,1911,10,18,1912,NA,NA,NA,NA,NA,NA,NA,"Middle East",2,"Loser",NA,14000,"Asia","Western Asia",1.1134704109589
100,"First Balkan",640,"Turkey",2,10,17,1912,4,19,1913,NA,NA,NA,NA,NA,NA,"650","Europe & Middle East",2,"Loser",NA,30000,"Asia","Western Asia",1.50548
100,"First Balkan",350,"Greece",1,10,17,1912,4,19,1913,NA,NA,NA,NA,NA,NA,"650","Europe & Middle East",2,"Winner",NA,5000,"Europe","Southern Europe",1.50548
100,"First Balkan",355,"Bulgaria",1,10,17,1912,12,3,1912,2,3,1913,4,19,1913,"650","Europe",2,"Winner",NA,32000,"Europe","Eastern Europe",0.20502301369863
100,"First Balkan",345,"Yugoslavia",1,10,17,1912,12,3,1912,2,3,1913,4,19,1913,"650","Europe & Middle East",1,"Winner",NA,15000,NA,NA,0.20502301369863
103,"Second Balkan",640,"Turkey",1,7,15,1913,7,30,1913,NA,NA,NA,NA,NA,NA,NA,"Europe",2,"Winner",NA,20000,"Asia","Western Asia",0.0410958904109589
103,"Second Balkan",345,"Yugoslavia",1,6,30,1913,7,30,1913,NA,NA,NA,NA,NA,NA,NA,"Europe",2,"Winner",NA,18500,NA,NA,0.0833334246575342
103,"Second Balkan",350,"Greece",1,6,30,1913,7,30,1913,NA,NA,NA,NA,NA,NA,NA,"Europe",2,"Winner",NA,2500,"Europe","Southern Europe",0.0833334246575342
103,"Second Balkan",355,"Bulgaria",2,6,30,1913,7,30,1913,NA,NA,NA,NA,NA,NA,NA,"Europe",1,"Loser",NA,18000,"Europe","Eastern Europe",0.0833334246575342
103,"Second Balkan",360,"Romania",1,7,11,1913,7,30,1913,NA,NA,NA,NA,NA,NA,NA,"Europe",2,"Winner",NA,1500,"Europe","Eastern Europe",0.0520547945205479
106,"World War I",345,"Yugoslavia",1,7,29,1914,11,11,1918,NA,NA,NA,NA,NA,NA,NA,"Europe",2,"Winner",NA,70000,NA,NA,4.38264876712329
106,"World War I",365,"Russia",1,8,1,1914,12,5,1917,NA,NA,NA,NA,NA,NA,NA,"Europe & Middle East",2,"Winner",NA,1700000,"Europe","Eastern Europe",3.34429260273973
106,"World War I",355,"Bulgaria",2,10,12,1915,9,29,1918,NA,NA,NA,NA,NA,NA,NA,"Europe",2,"Loser",NA,87500,"Europe","Eastern Europe",3.12990876712329
106,"World War I",200,"United Kingdom",1,8,5,1914,11,11,1918,NA,NA,NA,NA,NA,NA,NA,"Europe, Africa, Middle East, & Asia",2,"Winner",NA,908371,"Europe","Northern Europe",4.26643863013699
106,"World War I",740,"Japan",1,8,23,1914,11,11,1918,NA,NA,NA,NA,NA,NA,NA,"Asia",2,"Winner",NA,300,"Asia","Eastern Asia",4.28287698630137
106,"World War I",235,"Portugal",1,3,1,1916,11,11,1918,NA,NA,NA,NA,NA,NA,NA,"Europe",2,"Winner",NA,7222,"Europe","Southern Europe",2.69406465753425
106,"World War I",640,"Turkey",2,10,28,1914,10,30,1918,NA,NA,NA,NA,NA,NA,NA,"Middle East",2,"Loser",NA,325000,"Asia","Western Asia",4.0054794520548
106,"World War I",211,"Belgium",1,8,4,1914,11,11,1918,NA,NA,NA,NA,NA,NA,NA,"Europe",2,"Winner",NA,13716,"Europe","Western Europe",4.26917835616438
106,"World War I",255,"Germany",2,8,1,1914,11,11,1918,NA,NA,NA,NA,NA,NA,NA,"Europe, Africa, Middle East, & Asia",2,"Loser",NA,1773700,"Europe","Western Europe",4.27739753424658
106,"World War I",350,"Greece",1,6,29,1917,11,11,1918,NA,NA,NA,NA,NA,NA,NA,"Europe",2,"Winner",NA,5000,"Europe","Southern Europe",1.46598219178082
106,"World War I",360,"Romania",1,8,27,1916,12,9,1917,NA,NA,NA,NA,NA,NA,NA,"Europe",2,"Winner",NA,335706,"Europe","Eastern Europe",1.38264876712329
106,"World War I",300,"Austria-Hungary",2,7,29,1914,11,3,1918,NA,NA,NA,NA,NA,NA,NA,"Europe",1,"Loser",NA,1200000,NA,NA,4.40456657534247
106,"World War I",220,"France",1,8,3,1914,11,11,1918,NA,NA,NA,NA,NA,NA,NA,"Europe, Africa & Middle East",2,"Winner",NA,1385000,"Europe","Western Europe",4.27191808219178
106,"World War I",325,"Italy",1,5,23,1915,11,11,1918,NA,NA,NA,NA,NA,NA,NA,"Europe",2,"Winner",NA,650000,"Europe","Southern Europe",3.53287726027397
106,"World War I",2,"United States",1,4,17,1917,11,11,1918,NA,NA,NA,NA,NA,NA,NA,"Europe",2,"Winner",NA,116516,"Americas","Northern America",1.59977232876712
107,"Estonian Liberation",366,"Estonia",1,11,22,1918,1,3,1920,NA,NA,NA,NA,NA,NA,NA,"Europe",2,"Winner",NA,3600,"Europe","Northern Europe",2.88538904109589
107,"Estonian Liberation",375,"Finland",1,12,30,1918,1,3,1920,NA,NA,NA,NA,NA,NA,NA,"Europe",2,"Winner",NA,150,"Europe","Northern Europe",2.9906402739726
107,"Estonian Liberation",365,"Russia",2,11,22,1918,1,3,1920,NA,NA,NA,NA,NA,NA,NA,"Europe",1,"Loser",NA,8000,"Europe","Eastern Europe",2.88538904109589
108,"Latvian Liberation",255,"Germany",1,12,7,1918,4,15,1919,NA,NA,NA,NA,NA,NA,NA,"Europe",2,"changed sides",NA,450,"Europe","Western Europe",1.68858520547945
108,"Latvian Liberation",365,"Russia",2,12,2,1918,2,1,1920,NA,NA,NA,NA,NA,NA,NA,"Europe",1,"Loser",NA,8000,"Europe","Eastern Europe",2.83607397260274
108,"Latvian Liberation",255,"Germany",2,4,16,1919,7,13,1919,NA,NA,NA,NA,NA,NA,NA,"Europe",2,"Loser",NA,750,"Europe","Western Europe",0.258219452054795
108,"Latvian Liberation",366,"Estonia",1,1,1,1919,1,3,1920,NA,NA,NA,NA,NA,NA,NA,"Europe",2,"Winner",NA,1000,"Europe","Northern Europe",1.00547945205479
108,"Latvian Liberation",367,"Latvia",1,12,2,1918,2,1,1920,NA,NA,NA,NA,NA,NA,NA,"Europe",2,"Winner",NA,3046,"Europe","Northern Europe",2.83607397260274
109,"Russo-Polish",365,"Russia",2,2,14,1919,10,18,1920,NA,NA,NA,NA,NA,NA,"681","Europe",1,"Loser",NA,60000,"Europe","Eastern Europe",1.67762630136986
109,"Russo-Polish",290,"Poland",1,2,14,1919,10,18,1920,NA,NA,NA,NA,NA,NA,"681","Europe",2,"Winner",NA,40000,"Europe","Eastern Europe",1.67762630136986
112,"Hungarian Adversaries",310,"Hungary",2,4,16,1919,8,4,1919,NA,NA,NA,NA,NA,NA,NA,"Europe",2,"Loser",NA,6000,"Europe","Eastern Europe",0.366210410958904
112,"Hungarian Adversaries",315,"Czechoslovakia",1,4,26,1919,8,4,1919,NA,NA,NA,NA,NA,NA,NA,"Europe",2,"Winner",NA,2000,NA,NA,0.393607671232877
112,"Hungarian Adversaries",360,"Romania",1,4,16,1919,8,4,1919,NA,NA,NA,NA,NA,NA,NA,"Europe",1,"Winner",NA,3000,"Europe","Eastern Europe",0.366210410958904
115,"Second Greco-Turkish",640,"Turkey",1,5,5,1919,10,11,1922,NA,NA,NA,NA,NA,NA,NA,"Europe & Middle East",2,"Winner",NA,20000,"Asia","Western Asia",3.43310547945205
115,"Second Greco-Turkish",350,"Greece",2,5,5,1919,10,11,1922,NA,NA,NA,NA,NA,NA,NA,"Europe & Middle East",1,"Loser",NA,30000,"Europe","Southern Europe",3.43310547945205
116,"Franco-Turkish",640,"Turkey",2,11,1,1919,10,20,1921,NA,NA,NA,NA,NA,NA,NA,"Middle East",2,"Compromise/Tied",NA,35000,"Asia","Western Asia",2.13538821917808
116,"Franco-Turkish",220,"France",1,11,1,1919,10,20,1921,NA,NA,NA,NA,NA,NA,NA,"Middle East",1,"Compromise/Tied",NA,5000,"Europe","Western Europe",2.13538821917808
117,"Lithuanian-Polish",368,"Lithuania",2,7,15,1920,12,1,1920,NA,NA,NA,NA,NA,NA,NA,"Europe",2,"Loser",NA,500,"Europe","Northern Europe",0.455023287671233
117,"Lithuanian-Polish",290,"Poland",1,7,15,1920,12,1,1920,NA,NA,NA,NA,NA,NA,NA,"Europe",1,"Winner",NA,500,"Europe","Eastern Europe",0.455023287671233
118,"Manchurian",365,"USSR",1,8,17,1929,12,3,1929,NA,NA,NA,NA,NA,NA,NA,"Asia",1,"Winner",NA,200,NA,NA,0.371689863013699
118,"Manchurian",710,"China",2,8,17,1929,12,3,1929,NA,NA,NA,NA,NA,NA,NA,"Asia",2,"Loser",NA,3000,"Asia","Eastern Asia",0.371689863013699
121,"Second Sino-Japanese",740,"Japan",1,12,19,1931,5,22,1933,NA,NA,NA,NA,NA,NA,NA,"Asia",1,"Winner",NA,10000,"Asia","Eastern Asia",2.59155315068493
121,"Second Sino-Japanese",710,"China",2,12,19,1931,5,22,1933,NA,NA,NA,NA,NA,NA,NA,"Asia",2,"Loser",NA,50000,"Asia","Eastern Asia",2.59155315068493
124,"Chaco",145,"Bolivia",2,6,15,1932,6,12,1935,NA,NA,NA,NA,NA,NA,NA,"W. Hemisphere",1,"Loser",NA,56661,"Americas","Latin America and the Caribbean",3.00821917808219
124,"Chaco",150,"Paraguay",1,6,15,1932,6,12,1935,NA,NA,NA,NA,NA,NA,NA,"W. Hemisphere",2,"Winner",NA,36000,"Americas","Latin America and the Caribbean",3.00821917808219
125,"Saudi-Yemeni",670,"Saudi Arabia",1,3,20,1934,5,13,1934,NA,NA,NA,NA,NA,NA,NA,"Middle East",1,"Winner",NA,100,"Asia","Western Asia",0.185844931506849
125,"Saudi-Yemeni",678,"Yemen Arab Republic",2,3,20,1934,5,13,1934,NA,NA,NA,NA,NA,NA,NA,"Middle East",2,"Loser",NA,2000,NA,NA,0.185844931506849
127,"Conquest of Ethiopia",325,"Italy",1,10,3,1935,5,9,1936,NA,NA,NA,NA,NA,NA,NA,"Africa",1,"Winner",NA,4000,"Europe","Southern Europe",1.43310547945205
127,"Conquest of Ethiopia",530,"Ethiopia",2,10,3,1935,5,9,1936,NA,NA,NA,NA,NA,NA,NA,"Africa",2,"Loser",NA,16000,"Africa","Sub-Saharan Africa",1.43310547945205
130,"Third Sino-Japanese",710,"China",2,7,7,1937,12,6,1941,NA,NA,NA,NA,NA,NA,NA,"Asia",2,"Loser",NA,750000,"Asia","Eastern Asia",4.41940684931507
130,"Third Sino-Japanese",740,"Japan",1,7,7,1937,12,6,1941,NA,NA,NA,NA,NA,NA,NA,"Asia",1,"Winner",NA,250000,"Asia","Eastern Asia",4.41940684931507
133,"Changkufeng",365,"USSR",2,7,29,1938,8,11,1938,NA,NA,NA,NA,NA,NA,NA,"Asia",2,"Winner",NA,1200,NA,NA,0.132648493150685
133,"Changkufeng",740,"Japan",1,7,29,1938,8,11,1938,NA,NA,NA,NA,NA,NA,NA,"Asia",1,"Loser",NA,526,"Asia","Eastern Asia",0.132648493150685
136,"Nomonhan",365,"USSR",1,5,11,1939,9,16,1939,NA,NA,NA,NA,NA,NA,NA,"Asia",2,"Winner",NA,5000,NA,NA,0.347032328767123
136,"Nomonhan",712,"Mongolia",1,5,11,1939,9,16,1939,NA,NA,NA,NA,NA,NA,NA,"Asia",2,"Winner",NA,3000,"Asia","Eastern Asia",0.347032328767123
136,"Nomonhan",740,"Japan",2,5,11,1939,9,16,1939,NA,NA,NA,NA,NA,NA,NA,"Asia",1,"Loser",NA,20000,"Asia","Eastern Asia",0.347032328767123
139,"World War II",310,"Hungary",2,6,27,1941,1,20,1945,NA,NA,NA,NA,NA,NA,NA,"Europe",2,"Loser",NA,136000,"Europe","Eastern Europe",4.43584520547945
139,"World War II",211,"Belgium",1,5,10,1940,5,28,1940,NA,NA,NA,NA,NA,NA,NA,"Europe",2,"Winner",NA,9600,"Europe","Western Europe",0.0493150684931507
139,"World War II",220,"France",2,7,7,1940,7,14,1941,NA,NA,NA,NA,NA,NA,NA,"Europe",2,"Loser",NA,2500,"Europe","Western Europe",1.01917808219178
139,"World War II",345,"Yugoslavia",1,4,6,1941,4,17,1941,NA,NA,NA,NA,NA,NA,NA,"Europe",2,"Winner",NA,305000,NA,NA,0.0301369863013699
139,"World War II",375,"Finland",2,6,25,1941,9,19,1944,NA,NA,NA,NA,NA,NA,NA,"Europe",2,"Loser",NA,65000,"Europe","Northern Europe",3.26643863013699
139,"World War II",385,"Norway",1,4,9,1940,6,9,1940,NA,NA,NA,NA,NA,NA,NA,"Europe",2,"Winner",NA,3000,"Europe","Northern Europe",0.166666849315068
139,"World War II",20,"Canada",1,9,10,1939,8,14,1945,NA,NA,NA,NA,NA,NA,NA,"Europe",2,"Winner",NA,41992,"Americas","Northern America",6.09429232876712
139,"World War II",2,"United States",1,12,7,1941,8,14,1945,NA,NA,NA,NA,NA,NA,NA,"Europe, Africa, Middle East, Asia & Oceania",2,"Winner",NA,405400,"Americas","Northern America",4.35251178082192
139,"World War II",200,"United Kingdom",1,9,3,1939,8,14,1945,NA,NA,NA,NA,NA,NA,NA,"Europe, Africa, Middle East, & Asia",2,"Winner",NA,418765,"Europe","Northern Europe",6.1134704109589
139,"World War II",210,"Netherlands",1,5,10,1940,5,14,1940,NA,NA,NA,NA,NA,NA,NA,"Europe",2,"Winner",NA,7900,"Europe","Western Europe",0.010958904109589
139,"World War II",325,"Italy",2,6,10,1940,9,2,1943,NA,NA,NA,NA,NA,NA,NA,"Europe, Africa & Middle East",2,"Loser",NA,174500,"Europe","Southern Europe",3.27191808219178
139,"World War II",360,"Romania",1,9,9,1944,5,7,1945,NA,NA,NA,NA,NA,NA,NA,"Europe",2,"Winner",NA,10000,"Europe","Eastern Europe",1.33881315068493
139,"World War II",360,"Romania",2,6,22,1941,8,23,1944,NA,NA,NA,NA,NA,NA,NA,"Europe",2,"Loser",NA,290000,"Europe","Eastern Europe",3.16940657534247
139,"World War II",355,"Bulgaria",2,12,13,1941,9,8,1944,NA,NA,NA,NA,NA,NA,NA,"Europe",2,"Loser",NA,9000,"Europe","Eastern Europe",3.26369890410959
139,"World War II",355,"Bulgaria",1,9,9,1944,5,7,1945,NA,NA,NA,NA,NA,NA,NA,"Europe",2,"Winner",NA,1000,"Europe","Eastern Europe",1.33881315068493
139,"World War II",350,"Greece",1,10,25,1940,4,23,1941,NA,NA,NA,NA,NA,NA,NA,"Europe",2,"Winner",NA,18300,"Europe","Southern Europe",1.50548
139,"World War II",140,"Brazil",1,7,6,1944,5,7,1945,NA,NA,NA,NA,NA,NA,NA,"Europe",2,"Winner",NA,1000,"Americas","Latin America and the Caribbean",1.16940657534247
139,"World War II",325,"Italy",1,10,18,1943,5,7,1945,NA,NA,NA,NA,NA,NA,NA,"Europe, Africa & Middle East",2,"Winner",NA,52400,"Europe","Southern Europe",2.44680410958904
139,"World War II",900,"Australia",1,9,3,1939,8,14,1945,NA,NA,NA,NA,NA,NA,NA,"Africa, Middle East, Asia & Oceania",2,"Winner",NA,33826,"Oceania","Australia and New Zealand",6.1134704109589
139,"World War II",920,"New Zealand",1,9,3,1939,8,14,1945,NA,NA,NA,NA,NA,NA,NA,"Africa, Middle East, Asia & Oceania",2,"Winner",NA,12200,"Oceania","Australia and New Zealand",6.1134704109589
139,"World War II",365,"USSR",1,6,22,1941,5,7,1945,8,8,1945,8,14,1945,NA,"Europe & Asia",2,"Winner",NA,7500000,NA,NA,4.12442931506849
139,"World War II",255,"Germany",2,9,1,1939,5,7,1945,NA,NA,NA,NA,NA,NA,NA,"Europe, Africa & Middle East",1,"Loser",NA,3500000,"Europe","Western Europe",6.34977205479452
139,"World War II",290,"Poland",1,9,1,1939,9,27,1939,NA,NA,NA,NA,NA,NA,NA,"Europe",2,"Winner",NA,320000,"Europe","Eastern Europe",0.0712328767123288
139,"World War II",220,"France",1,9,3,1939,6,22,1940,10,23,1944,8,14,1945,NA,"Europe",2,"Winner",NA,210824,"Europe","Western Europe",1.30205506849315
139,"World War II",740,"Japan",2,12,7,1941,8,14,1945,NA,NA,NA,NA,NA,NA,NA,"Asia & Oceania",2,"Loser",NA,1740000,"Asia","Eastern Asia",4.35251178082192
139,"World War II",712,"Mongolia",1,8,10,1945,8,14,1945,NA,NA,NA,NA,NA,NA,NA,"Asia",2,"Winner",NA,3000,"Asia","Eastern Asia",0.010958904109589
139,"World War II",710,"China",1,12,7,1941,8,14,1945,NA,NA,NA,NA,NA,NA,NA,"Asia",2,"Winner",NA,1350000,"Asia","Eastern Asia",4.35251178082192
139,"World War II",560,"South Africa",1,9,6,1939,8,14,1945,NA,NA,NA,NA,NA,NA,NA,"Africa",2,"Winner",NA,8700,"Africa","Sub-Saharan Africa",6.10525123287671
139,"World War II",530,"Ethiopia",1,1,24,1941,7,3,1941,NA,NA,NA,NA,NA,NA,NA,"Africa",2,"Winner",NA,5000,"Africa","Sub-Saharan Africa",0.557534794520548
142,"Russo-Finnish",375,"Finland",2,11,30,1939,3,12,1940,NA,NA,NA,NA,NA,NA,NA,"Europe",2,"Loser",NA,24923,"Europe","Northern Europe",1.71598246575342
142,"Russo-Finnish",365,"USSR",1,11,30,1939,3,12,1940,NA,NA,NA,NA,NA,NA,NA,"Europe",1,"Winner",NA,126875,NA,NA,1.71598246575342
145,"Franco-Thai",220,"France",2,12,1,1940,1,28,1941,NA,NA,NA,NA,NA,NA,NA,"Asia",2,"Loser",NA,700,"Europe","Western Europe",1.9906402739726
145,"Franco-Thai",800,"Thailand",1,12,1,1940,1,28,1941,NA,NA,NA,NA,NA,NA,NA,"Asia",1,"Winner",NA,700,"Asia","South-eastern Asia",1.9906402739726
147,"First Kashmir",750,"India",1,10,26,1947,1,1,1949,NA,NA,NA,NA,NA,NA,NA,"Asia",1,"Stalemate",NA,2500,"Asia","Southern Asia",2.81849397260274
147,"First Kashmir",770,"Pakistan",2,10,26,1947,1,1,1949,NA,NA,NA,NA,NA,NA,NA,"Asia",2,"Stalemate",NA,1000,"Asia","Southern Asia",2.81849397260274
148,"Arab-Israeli",666,"Israel",1,5,15,1948,7,18,1948,10,15,1948,1,7,1949,"1572","Middle East",2,"Winner",NA,3000,"Asia","Western Asia",0.17488602739726
148,"Arab-Israeli",651,"Egypt",2,5,15,1948,7,18,1948,10,15,1948,1,7,1949,"1572","Middle East",2,"Loser",NA,2000,"Africa","Northern Africa",0.17488602739726
148,"Arab-Israeli",652,"Syria",2,5,15,1948,7,18,1948,10,15,1948,10,31,1948,"1572","Middle East",2,"Loser",NA,1000,"Asia","Western Asia",0.17488602739726
148,"Arab-Israeli",660,"Lebanon",2,5,15,1948,7,18,1948,10,15,1948,10,31,1948,"1572","Middle East",2,"Loser",NA,500,"Asia","Western Asia",0.17488602739726
148,"Arab-Israeli",663,"Jordan",2,5,15,1948,7,18,1948,10,15,1948,10,31,1948,"1572","Middle East",1,"Loser",NA,1000,"Asia","Western Asia",0.17488602739726
148,"Arab-Israeli",645,"Iraq",2,5,15,1948,7,18,1948,10,15,1948,10,31,1948,"1572","Middle East",2,"Loser",NA,500,"Asia","Western Asia",0.17488602739726
151,"Korean",710,"China",2,10,27,1950,7,27,1953,NA,NA,NA,NA,NA,NA,NA,"Asia",2,"Stalemate",NA,422612,"Asia","Eastern Asia",3.2500002739726
151,"Korean",211,"Belgium",1,1,20,1951,7,27,1953,NA,NA,NA,NA,NA,NA,NA,"Asia",2,"Stalemate",NA,97,"Europe","Western Europe",2.51917863013699
151,"Korean",20,"Canada",1,12,19,1950,7,27,1953,NA,NA,NA,NA,NA,NA,NA,"Asia",2,"Stalemate",NA,309,"Americas","Northern America",3.43858493150685
151,"Korean",100,"Colombia",1,6,6,1951,7,27,1953,NA,NA,NA,NA,NA,NA,NA,"Asia",2,"Stalemate",NA,140,"Americas","Latin America and the Caribbean",2.14086767123288
151,"Korean",200,"United Kingdom",1,8,29,1950,7,27,1953,NA,NA,NA,NA,NA,NA,NA,"Asia",2,"Stalemate",NA,710,"Europe","Northern Europe",3.08881287671233
151,"Korean",210,"Netherlands",1,1,20,1951,7,27,1953,NA,NA,NA,NA,NA,NA,NA,"Asia",2,"Stalemate",NA,111,"Europe","Western Europe",2.51917863013699
151,"Korean",350,"Greece",1,1,20,1951,7,27,1953,NA,NA,NA,NA,NA,NA,NA,"Asia",2,"Stalemate",NA,169,"Europe","Southern Europe",2.51917863013699
151,"Korean",220,"France",1,1,1,1951,7,27,1953,NA,NA,NA,NA,NA,NA,NA,"Asia",2,"Stalemate",NA,288,"Europe","Western Europe",2.57123342465753
151,"Korean",640,"Turkey",1,10,18,1950,7,27,1953,NA,NA,NA,NA,NA,NA,NA,"Asia",2,"Stalemate",NA,717,"Asia","Western Asia",3.27465780821918
151,"Korean",840,"Philippines",1,9,16,1950,7,27,1953,NA,NA,NA,NA,NA,NA,NA,"Asia",2,"Stalemate",NA,92,"Asia","South-eastern Asia",3.19680383561644
151,"Korean",800,"Thailand",1,1,20,1951,7,27,1953,NA,NA,NA,NA,NA,NA,NA,"Asia",2,"Stalemate",NA,114,"Asia","South-eastern Asia",2.51917863013699
151,"Korean",731,"North Korea",2,6,24,1950,7,27,1953,NA,NA,NA,NA,NA,NA,NA,"Asia",1,"Stalemate",NA,316579,NA,NA,3.09155260273973
151,"Korean",530,"Ethiopia",1,5,1,1951,7,27,1953,NA,NA,NA,NA,NA,NA,NA,"Asia",2,"Stalemate",NA,120,"Africa","Sub-Saharan Africa",2.2378997260274
151,"Korean",900,"Australia",1,12,10,1950,7,27,1953,NA,NA,NA,NA,NA,NA,NA,"Asia",2,"Stalemate",NA,291,"Oceania","Australia and New Zealand",3.46324246575342
151,"Korean",732,"South Korea",1,6,24,1950,7,27,1953,NA,NA,NA,NA,NA,NA,NA,"Asia",2,"Stalemate",NA,113248,"Asia","Eastern Asia",3.09155260273973
151,"Korean",2,"United States",1,6,27,1950,7,27,1953,NA,NA,NA,NA,NA,NA,NA,"Asia",2,"Stalemate",NA,54487,"Americas","Northern America",3.08333342465753
153,"Off-shore Islands",710,"China",1,9,3,1954,4,23,1955,NA,NA,NA,NA,NA,NA,NA,"Asia",1,"Winner",NA,1003,"Asia","Eastern Asia",1.47146164383562
153,"Off-shore Islands",713,"Taiwan",2,9,3,1954,4,23,1955,NA,NA,NA,NA,NA,NA,NA,"Asia",2,"Loser",NA,1367,"Asia","Eastern Asia",1.47146164383562
155,"Sinai War",220,"France",1,10,31,1956,11,6,1956,NA,NA,NA,NA,NA,NA,NA,"Middle East",2,"Winner",NA,10,"Europe","Western Europe",0.151826575342466
155,"Sinai War",666,"Israel",1,10,29,1956,11,6,1956,NA,NA,NA,NA,NA,NA,NA,"Middle East",1,"Winner",NA,189,"Asia","Western Asia",0.146347123287671
155,"Sinai War",651,"Egypt",2,10,29,1956,11,6,1956,NA,NA,NA,NA,NA,NA,NA,"Middle East",2,"Loser",NA,3000,"Africa","Northern Africa",0.146347123287671
155,"Sinai War",200,"United Kingdom",1,10,31,1956,11,6,1956,NA,NA,NA,NA,NA,NA,NA,"Middle East",2,"Winner",NA,22,"Europe","Northern Europe",0.151826575342466
156,"Soviet Invasion of Hungary",310,"Hungary",2,11,4,1956,11,14,1956,NA,NA,NA,NA,NA,NA,NA,"Europe",2,"Loser",NA,926,"Europe","Eastern Europe",0.0273972602739726
156,"Soviet Invasion of Hungary",365,"USSR",1,11,4,1956,11,14,1956,NA,NA,NA,NA,NA,NA,NA,"Europe",1,"Winner",NA,1500,NA,NA,0.0273972602739726
158,"IfniWar",220,"France",1,2,10,1958,4,10,1958,NA,NA,NA,NA,NA,NA,NA,"Middle East",2,"Winner",NA,0,"Europe","Western Europe",0.166666849315068
158,"IfniWar",230,"Spain",1,11,21,1957,4,10,1958,NA,NA,NA,NA,NA,NA,NA,"Middle East",2,"Winner",NA,122,"Europe","Southern Europe",1.61347095890411
158,"IfniWar",600,"Morocco",2,11,21,1957,4,10,1958,NA,NA,NA,NA,NA,NA,NA,"Middle East",1,"Loser",NA,1000,"Africa","Northern Africa",1.61347095890411
159,"Taiwan Straits",710,"China (PRC)",1,8,23,1958,11,23,1958,NA,NA,NA,NA,NA,NA,NA,"Asia",1,"Stalemate",NA,300,NA,NA,0.250000273972603
159,"Taiwan Straits",713,"Taiwan (ROC)",2,8,23,1958,11,23,1958,NA,NA,NA,NA,NA,NA,NA,"Asia",2,"Stalemate",NA,1500,NA,NA,0.250000273972603
160,"Assam",750,"India",2,10,20,1962,11,22,1962,NA,NA,NA,NA,NA,NA,NA,"Asia",2,"Loser",NA,1353,"Asia","Southern Asia",0.0888128767123288
160,"Assam",710,"China (PRC)",1,10,20,1962,11,22,1962,NA,NA,NA,NA,NA,NA,NA,"Asia",1,"Winner",NA,500,NA,NA,0.0888128767123288
163,"Vietnam War, Phase 2",2,"United States",2,2,7,1965,1,27,1973,NA,NA,NA,NA,NA,NA,"748","Asia",1,"Loser",NA,58153,"Americas","Northern America",8.13812794520548
163,"Vietnam War, Phase 2",811,"Cambodia",2,3,1,1970,4,17,1975,NA,NA,NA,NA,NA,NA,"748","Asia",2,"Loser",NA,2500,"Asia","South-eastern Asia",5.12716904109589
163,"Vietnam War, Phase 2",732,"South Korea",2,5,1,1965,1,28,1973,NA,NA,NA,NA,NA,NA,"748","Asia",2,"Loser",NA,4687,"Asia","Eastern Asia",8.40730630136986
163,"Vietnam War, Phase 2",840,"Philippines",2,10,1,1966,1,28,1973,NA,NA,NA,NA,NA,NA,"748","Asia",2,"Loser",NA,1000,"Asia","South-eastern Asia",7.82397342465753
163,"Vietnam War, Phase 2",817,"South Vietnam",2,2,7,1965,4,30,1975,NA,NA,NA,NA,NA,NA,"748","Asia",2,"Loser",NA,254257,NA,NA,10.2296805479452
163,"Vietnam War, Phase 2",816,"Vietnam",1,2,7,1965,4,30,1975,NA,NA,NA,NA,NA,NA,"748","Asia",2,"Winner",NA,7e+05,"Asia","South-eastern Asia",10.2296805479452
163,"Vietnam War, Phase 2",800,"Thailand",2,10,1,1967,1,28,1973,NA,NA,NA,NA,NA,NA,"748","Asia",2,"Loser",NA,351,"Asia","South-eastern Asia",6.82397342465753
163,"Vietnam War, Phase 2",900,"Australia",2,2,7,1965,12,20,1972,NA,NA,NA,NA,NA,NA,"748","Asia",2,"Loser",NA,494,"Oceania","Australia and New Zealand",7.86895068493151
166,"Second Kashmir",750,"India",2,8,5,1965,9,23,1965,NA,NA,NA,NA,NA,NA,NA,"Asia",2,"Loser",NA,3261,"Asia","Southern Asia",0.132648493150685
166,"Second Kashmir",770,"Pakistan",1,8,5,1965,9,23,1965,NA,NA,NA,NA,NA,NA,NA,"Asia",1,"Winner",NA,3800,"Asia","Southern Asia",0.132648493150685
169,"Six Day War",666,"Israel",1,6,5,1967,6,10,1967,NA,NA,NA,NA,NA,NA,NA,"Middle East",1,"Winner",NA,1000,"Asia","Western Asia",0.0136986301369863
169,"Six Day War",651,"Egypt",2,6,5,1967,6,10,1967,NA,NA,NA,NA,NA,NA,NA,"Middle East",2,"Loser",NA,10000,"Africa","Northern Africa",0.0136986301369863
169,"Six Day War",663,"Jordan",2,6,5,1967,6,10,1967,NA,NA,NA,NA,NA,NA,NA,"Middle East",2,"Loser",NA,6100,"Asia","Western Asia",0.0136986301369863
169,"Six Day War",652,"Syria",2,6,5,1967,6,10,1967,NA,NA,NA,NA,NA,NA,NA,"Middle East",2,"Loser",NA,2500,"Asia","Western Asia",0.0136986301369863
170,"Second Laotian, Phase 2",2,"United States",2,1,13,1968,4,17,1973,NA,NA,NA,NA,NA,NA,"756","Asia",2,"Loser",NA,375,"Americas","Northern America",5.26095917808219
170,"Second Laotian, Phase 2",800,"Thailand",2,3,17,1970,4,17,1973,NA,NA,NA,NA,NA,NA,"756","Asia",2,"Loser",NA,NA,"Asia","South-eastern Asia",3.08333342465753
170,"Second Laotian, Phase 2",812,"Laos",2,1,13,1968,4,17,1973,NA,NA,NA,NA,NA,NA,"756","Asia",2,"Loser",NA,11250,"Asia","South-eastern Asia",5.26095917808219
170,"Second Laotian, Phase 2",816,"Vietnam",1,1,13,1968,4,17,1973,NA,NA,NA,NA,NA,NA,"756","Asia",1,"Winner",NA,2250,"Asia","South-eastern Asia",5.26095917808219
172,"War of Attrition",651,"Egypt",2,3,6,1969,8,7,1970,NA,NA,NA,NA,NA,NA,NA,"Middle East",1,"Stalemate",NA,5000,"Africa","Northern Africa",1.41940684931507
172,"War of Attrition",666,"Israel",1,3,6,1969,8,7,1970,NA,NA,NA,NA,NA,NA,NA,"Middle East",2,"Stalemate",NA,368,"Asia","Western Asia",1.41940684931507
175,"Football War",91,"Honduras",2,7,14,1969,7,18,1969,NA,NA,NA,NA,NA,NA,NA,"W. Hemisphere",2,"Loser",NA,1200,"Americas","Latin America and the Caribbean",0.010958904109589
175,"Football War",92,"El Salvador",1,7,14,1969,7,18,1969,NA,NA,NA,NA,NA,NA,NA,"W. Hemisphere",1,"Winner",NA,700,"Americas","Latin America and the Caribbean",0.010958904109589
176,"Communist Coalition",816,"Vietnam",1,3,23,1970,7,2,1971,NA,NA,NA,NA,NA,NA,NA,"Asia",1,"The war was transformed into another type of war",785,400,"Asia","South-eastern Asia",1.39086794520548
176,"Communist Coalition",2,"United States",2,5,1,1970,7,2,1971,NA,NA,NA,NA,NA,NA,NA,"Asia",2,"The war was transformed into another type of war",785,125,"Americas","Northern America",1.16940657534247
176,"Communist Coalition",811,"Cambodia",2,3,23,1970,7,2,1971,NA,NA,NA,NA,NA,NA,NA,"Asia",2,"The war was transformed into another type of war",785,5000,"Asia","South-eastern Asia",1.39086794520548
176,"Communist Coalition",817,"South Vietnam",2,5,1,1970,7,2,1971,NA,NA,NA,NA,NA,NA,NA,"Asia",2,"The war was transformed into another type of war",785,1000,NA,NA,1.16940657534247
178,"Bangladesh",750,"India",1,12,3,1971,12,17,1971,NA,NA,NA,NA,NA,NA,"782","Asia",2,"Winner",NA,3241,"Asia","Southern Asia",0.0383561643835616
178,"Bangladesh",770,"Pakistan",2,12,3,1971,12,17,1971,NA,NA,NA,NA,NA,NA,"782","Asia",1,"Loser",NA,7982,"Asia","Southern Asia",0.0383561643835616
181,"Yom Kippur War",651,"Egypt",2,10,6,1973,10,24,1973,NA,NA,NA,NA,NA,NA,NA,"Middle East",1,"Loser",NA,7700,"Africa","Northern Africa",0.0493150684931507
181,"Yom Kippur War",670,"Saudi Arabia",2,10,10,1973,10,24,1973,NA,NA,NA,NA,NA,NA,NA,"Middle East",2,"Loser",NA,100,"Asia","Western Asia",0.0383561643835616
181,"Yom Kippur War",666,"Israel",1,10,6,1973,10,24,1973,NA,NA,NA,NA,NA,NA,NA,"Middle East",2,"Winner",NA,2838,"Asia","Western Asia",0.0493150684931507
181,"Yom Kippur War",663,"Jordan",2,10,10,1973,10,24,1973,NA,NA,NA,NA,NA,NA,NA,"Middle East",2,"Loser",NA,23,"Asia","Western Asia",0.0383561643835616
181,"Yom Kippur War",652,"Syria",2,10,6,1973,10,24,1973,NA,NA,NA,NA,NA,NA,NA,"Middle East",1,"Loser",NA,3500,"Asia","Western Asia",0.0493150684931507
181,"Yom Kippur War",645,"Iraq",2,10,6,1973,10,24,1973,NA,NA,NA,NA,NA,NA,NA,"Middle East",2,"Loser",NA,278,"Asia","Western Asia",0.0493150684931507
184,"Turco-Cypriot",640,"Turkey",1,7,20,1974,7,29,1974,8,14,1974,8,16,1974,NA,"Europe",1,"Winner",NA,1000,"Asia","Western Asia",0.0246575342465753
184,"Turco-Cypriot",352,"Cyprus",2,7,20,1974,7,29,1974,8,14,1974,8,16,1974,NA,"Europe",2,"Loser",NA,500,"Asia","Western Asia",0.0246575342465753
186,"War over Angola",40,"Cuba",1,10,23,1975,2,12,1976,NA,NA,NA,NA,NA,NA,"1581","Africa",2,"The war was transformed into another type of war",804,1500,"Americas","Latin America and the Caribbean",1.69680438356164
186,"War over Angola",560,"South Africa",2,10,23,1975,2,12,1976,NA,NA,NA,NA,NA,NA,"1581","Africa",1,"The war was transformed into another type of war",804,100,"Africa","Sub-Saharan Africa",1.69680438356164
186,"War over Angola",490,"Democratic Republic of the Congo",2,10,23,1975,2,12,1976,NA,NA,NA,NA,NA,NA,"1581","Africa",2,"The war was transformed into another type of war",804,100,NA,NA,1.69680438356164
186,"War over Angola",540,"Angola",1,11,11,1975,2,12,1976,NA,NA,NA,NA,NA,NA,"1581","Africa",2,"The war was transformed into another type of war",804,1000,"Africa","Sub-Saharan Africa",1.75274054794521
187,"Second Ogaden War, Phase 2",530,"Ethiopia",1,7,23,1977,3,9,1978,NA,NA,NA,NA,NA,NA,"805","Africa",2,"The war was transformed into another type of war",808,1800,"Africa","Sub-Saharan Africa",1.3716898630137
187,"Second Ogaden War, Phase 2",40,"Cuba",1,11,23,1977,3,9,1978,NA,NA,NA,NA,NA,NA,"805","Africa",2,"The war was transformed into another type of war",808,700,"Americas","Latin America and the Caribbean",1.70502356164384
187,"Second Ogaden War, Phase 2",520,"Somalia",2,7,23,1977,3,9,1978,NA,NA,NA,NA,NA,NA,"805","Africa",1,"The war was transformed into another type of war",808,8000,"Africa","Sub-Saharan Africa",1.3716898630137
189,"Vietnamese-Cambodian",816,"Vietnam",1,9,24,1977,1,8,1979,NA,NA,NA,NA,NA,NA,NA,"Asia",2,"The war was transformed into another type of war",475,3000,"Asia","South-eastern Asia",2.71050301369863
189,"Vietnamese-Cambodian",811,"Cambodia",2,9,24,1977,1,8,1979,NA,NA,NA,NA,NA,NA,NA,"Asia",1,"The war was transformed into another type of war",475,5000,"Asia","South-eastern Asia",2.71050301369863
190,"Ugandian-Tanzanian",500,"Uganda",2,10,28,1978,4,11,1979,NA,NA,NA,NA,NA,NA,NA,"Africa",1,"Loser",NA,1500,"Africa","Sub-Saharan Africa",1.54657589041096
190,"Ugandian-Tanzanian",510,"Tanzania",1,10,28,1978,4,11,1979,NA,NA,NA,NA,NA,NA,NA,"Africa",2,"Winner",NA,1000,"Africa","Sub-Saharan Africa",1.54657589041096
190,"Ugandian-Tanzanian",620,"Libya",2,2,1,1979,4,11,1979,NA,NA,NA,NA,NA,NA,NA,"Africa",2,"Loser",NA,500,"Africa","Northern Africa",0.194064109589041
193,"Sino-Vietnamese Punitive",710,"China",1,2,17,1979,3,16,1979,NA,NA,NA,NA,NA,NA,NA,"Asia",1,"Winner",NA,13000,"Asia","Eastern Asia",0.0860731506849315
193,"Sino-Vietnamese Punitive",816,"Vietnam",2,2,17,1979,3,16,1979,NA,NA,NA,NA,NA,NA,NA,"Asia",2,"Loser",NA,8000,"Asia","South-eastern Asia",0.0860731506849315
199,"Iran-Iraq",645,"Iraq",2,9,22,1980,8,20,1988,NA,NA,NA,NA,NA,NA,NA,"Middle East",1,"Stalemate",NA,5e+05,"Asia","Western Asia",8.08881287671233
199,"Iran-Iraq",630,"Iran",1,9,22,1980,8,20,1988,NA,NA,NA,NA,NA,NA,NA,"Middle East",2,"Stalemate",NA,750000,"Asia","Southern Asia",8.08881287671233
202,"Falkland Islands",200,"United Kingdom",1,3,25,1982,6,15,1982,NA,NA,NA,NA,NA,NA,NA,"W. Hemisphere",2,"Winner",NA,255,"Europe","Northern Europe",0.277397534246575
202,"Falkland Islands",160,"Argentina",2,3,25,1982,6,15,1982,NA,NA,NA,NA,NA,NA,NA,"W. Hemisphere",1,"Loser",NA,746,"Americas","Latin America and the Caribbean",0.277397534246575
205,"War over Lebanon",666,"Israel",1,4,21,1982,9,15,1982,NA,NA,NA,NA,NA,NA,NA,"Middle East",1,"Stalemate",NA,455,"Asia","Western Asia",0.433105479452055
205,"War over Lebanon",652,"Syria",2,4,21,1982,9,15,1982,NA,NA,NA,NA,NA,NA,NA,"Middle East",2,"Stalemate",NA,1200,"Asia","Western Asia",0.433105479452055
207,"War over the Aouzou Strip",483,"Chad",1,11,15,1986,9,11,1987,NA,NA,NA,NA,NA,NA,NA,"Africa & Middle East",1,"Winner",NA,1000,"Africa","Sub-Saharan Africa",1.17762575342466
207,"War over the Aouzou Strip",620,"Libya",2,11,15,1986,9,11,1987,NA,NA,NA,NA,NA,NA,NA,"Africa & Middle East",2,"Loser",NA,7000,"Africa","Northern Africa",1.17762575342466
208,"Sino-Vietnamese Border War",816,"Vietnam",2,1,5,1987,2,6,1987,NA,NA,NA,NA,NA,NA,NA,"Asia",2,"Stalemate",NA,2200,"Asia","South-eastern Asia",0.0860731506849315
208,"Sino-Vietnamese Border War",710,"China",1,1,5,1987,2,6,1987,NA,NA,NA,NA,NA,NA,NA,"Asia",1,"Stalemate",NA,1800,"Asia","Eastern Asia",0.0860731506849315
211,"Gulf War",690,"Kuwait",1,8,2,1990,4,11,1991,NA,NA,NA,NA,NA,NA,NA,"Middle East",2,"Winner",NA,1000,"Asia","Western Asia",1.35799123287671
211,"Gulf War",2,"United States",1,1,16,1991,4,11,1991,NA,NA,NA,NA,NA,NA,NA,"Middle East",2,"Winner",NA,376,"Americas","Northern America",0.263698904109589
211,"Gulf War",20,"Canada",1,1,16,1991,4,11,1991,NA,NA,NA,NA,NA,NA,NA,"Middle East",2,"Winner",NA,0,"Americas","Northern America",0.263698904109589
211,"Gulf War",200,"United Kingdom",1,1,16,1991,4,11,1991,NA,NA,NA,NA,NA,NA,NA,"Middle East",2,"Winner",NA,24,"Europe","Northern Europe",0.263698904109589
211,"Gulf War",325,"Italy",1,1,16,1991,4,11,1991,NA,NA,NA,NA,NA,NA,NA,"Middle East",2,"Winner",NA,0,"Europe","Southern Europe",0.263698904109589
211,"Gulf War",600,"Morocco",1,1,16,1991,4,11,1991,NA,NA,NA,NA,NA,NA,NA,"Middle East",2,"Winner",NA,0,"Africa","Northern Africa",0.263698904109589
211,"Gulf War",645,"Iraq",2,8,2,1990,4,11,1991,NA,NA,NA,NA,NA,NA,NA,"Middle East",1,"Loser",NA,40000,"Asia","Western Asia",1.35799123287671
211,"Gulf War",651,"Egypt",1,1,16,1991,4,11,1991,NA,NA,NA,NA,NA,NA,NA,"Middle East",2,"Winner",NA,14,"Africa","Northern Africa",0.263698904109589
211,"Gulf War",698,"Oman",1,1,16,1991,4,11,1991,NA,NA,NA,NA,NA,NA,NA,"Middle East",2,"Winner",NA,0,"Asia","Western Asia",0.263698904109589
211,"Gulf War",220,"France",1,1,16,1991,4,11,1991,NA,NA,NA,NA,NA,NA,NA,"Middle East",2,"Winner",NA,2,"Europe","Western Europe",0.263698904109589
211,"Gulf War",696,"United Arab Emirates",1,1,16,1991,4,11,1991,NA,NA,NA,NA,NA,NA,NA,"Middle East",2,"Winner",NA,6,"Asia","Western Asia",0.263698904109589
211,"Gulf War",694,"Qatar",1,1,16,1991,4,11,1991,NA,NA,NA,NA,NA,NA,NA,"Middle East",2,"Winner",NA,0,"Asia","Western Asia",0.263698904109589
211,"Gulf War",670,"Saudi Arabia",1,1,16,1991,4,11,1991,NA,NA,NA,NA,NA,NA,NA,"Middle East",2,"Winner",NA,44,"Asia","Western Asia",0.263698904109589
211,"Gulf War",652,"Syria",1,1,16,1991,4,11,1991,NA,NA,NA,NA,NA,NA,NA,"Middle East",2,"Winner",NA,0,"Asia","Western Asia",0.263698904109589
215,"Bosnian Independence",344,"Croatia",1,4,7,1992,5,13,1992,NA,NA,NA,NA,NA,NA,NA,"Europe",2,"The war was transformed into another type of war",877,500,"Europe","Southern Europe",0.0997717808219178
215,"Bosnian Independence",346,"Bosnia",1,4,7,1992,5,13,1992,NA,NA,NA,NA,NA,NA,NA,"Europe",2,"The war was transformed into another type of war",877,2850,NA,NA,0.0997717808219178
215,"Bosnian Independence",345,"Yugoslavia",2,4,7,1992,5,13,1992,NA,NA,NA,NA,NA,NA,NA,"Europe",1,"The war was transformed into another type of war",877,1890,NA,NA,0.0997717808219178
216,"Azeri-Armenian",373,"Azerbaijan",2,2,6,1993,5,12,1994,NA,NA,NA,NA,NA,NA,"872","Europe",2,"Loser",NA,8500,"Asia","Western Asia",1.26643863013699
216,"Azeri-Armenian",371,"Armenia",1,2,6,1993,5,12,1994,NA,NA,NA,NA,NA,NA,"872","Europe",1,"Winner",NA,5500,"Asia","Western Asia",1.26643863013699
217,"Cenepa Valley",130,"Ecuador",2,1,9,1995,2,27,1995,NA,NA,NA,NA,NA,NA,NA,"W. Hemisphere",1,"Compromise/Tied",NA,550,"Americas","Latin America and the Caribbean",0.132648493150685
217,"Cenepa Valley",135,"Peru",1,1,9,1995,2,27,1995,NA,NA,NA,NA,NA,NA,NA,"W. Hemisphere",2,"Compromise/Tied",NA,950,"Americas","Latin America and the Caribbean",0.132648493150685
219,"Badme Border",531,"Eritrea",1,5,6,1998,12,12,2000,NA,NA,NA,NA,NA,NA,NA,"Africa",1,"Stalemate",NA,50000,"Africa","Sub-Saharan Africa",2.59977232876712
219,"Badme Border",530,"Ethiopia",2,5,6,1998,12,12,2000,NA,NA,NA,NA,NA,NA,NA,"Africa",2,"Stalemate",NA,70000,"Africa","Sub-Saharan Africa",2.59977232876712
221,"War for Kosovo",640,"Turkey",1,3,24,1999,6,10,1999,NA,NA,NA,NA,NA,NA,"900","Europe",1,"Winner",NA,0,"Asia","Western Asia",0.288356438356164
221,"War for Kosovo",325,"Italy",1,3,24,1999,6,10,1999,NA,NA,NA,NA,NA,NA,"900","Europe",1,"Winner",NA,0,"Europe","Southern Europe",0.288356438356164
221,"War for Kosovo",200,"United Kingdom",1,3,24,1999,6,10,1999,NA,NA,NA,NA,NA,NA,"900","Europe",1,"Winner",NA,0,"Europe","Northern Europe",0.288356438356164
221,"War for Kosovo",2,"United States",1,3,24,1999,6,10,1999,NA,NA,NA,NA,NA,NA,"900","Europe",1,"Winner",NA,2,"Americas","Northern America",0.288356438356164
221,"War for Kosovo",210,"Netherlands",1,3,24,1999,6,10,1999,NA,NA,NA,NA,NA,NA,"900","Europe",1,"Winner",NA,0,"Europe","Western Europe",0.288356438356164
221,"War for Kosovo",220,"France",1,3,24,1999,6,10,1999,NA,NA,NA,NA,NA,NA,"900","Europe",1,"Winner",NA,0,"Europe","Western Europe",0.288356438356164
221,"War for Kosovo",345,"Yugoslavia",2,3,24,1999,6,10,1999,NA,NA,NA,NA,NA,NA,"900","Europe",2,"Loser",NA,5000,NA,NA,0.288356438356164
221,"War for Kosovo",255,"Germany",1,3,24,1999,6,10,1999,NA,NA,NA,NA,NA,NA,"900","Europe",1,"Winner",NA,0,"Europe","Western Europe",0.288356438356164
223,"Kargil War",750,"India",1,5,8,1999,7,17,1999,NA,NA,NA,NA,NA,NA,NA,"Asia",2,"Winner",NA,474,"Asia","Southern Asia",0.191324383561644
223,"Kargil War",770,"Pakistan",2,5,8,1999,7,17,1999,NA,NA,NA,NA,NA,NA,NA,"Asia",1,"Loser",NA,698,"Asia","Southern Asia",0.191324383561644
225,"Invasion of Afghanistan",20,"Canada",1,11,15,2001,12,22,2001,NA,NA,NA,NA,NA,NA,"851","Asia",2,"The war was transformed into another type of war",481,0,"Americas","Northern America",0.102511506849315
225,"Invasion of Afghanistan",220,"France",1,10,21,2001,12,22,2001,NA,NA,NA,NA,NA,NA,"851","Asia",2,"The war was transformed into another type of war",481,0,"Europe","Western Europe",0.169406575342466
225,"Invasion of Afghanistan",200,"United Kingdom",1,10,7,2001,12,22,2001,NA,NA,NA,NA,NA,NA,"851","Asia",1,"The war was transformed into another type of war",481,0,"Europe","Northern Europe",0.207762739726027
225,"Invasion of Afghanistan",2,"United States",1,10,7,2001,12,22,2001,NA,NA,NA,NA,NA,NA,"851","Asia",1,"The war was transformed into another type of war",481,2,"Americas","Northern America",0.207762739726027
225,"Invasion of Afghanistan",900,"Australia",1,10,17,2001,12,22,2001,NA,NA,NA,NA,NA,NA,"851","Asia",2,"The war was transformed into another type of war",481,0,"Oceania","Australia and New Zealand",0.180365479452055
225,"Invasion of Afghanistan",700,"Afghanistan",2,10,7,2001,12,22,2001,NA,NA,NA,NA,NA,NA,"851","Asia",2,"The war was transformed into another type of war",481,4000,"Asia","Southern Asia",0.207762739726027
227,"Invasion of Iraq",900,"Australia",1,3,19,2003,5,2,2003,NA,NA,NA,NA,NA,NA,NA,"Middle East",1,"The war was transformed into another type of war",482,0,"Oceania","Australia and New Zealand",0.213242191780822
227,"Invasion of Iraq",200,"United Kingdom",1,3,19,2003,5,2,2003,NA,NA,NA,NA,NA,NA,NA,"Middle East",1,"The war was transformed into another type of war",482,33,"Europe","Northern Europe",0.213242191780822
227,"Invasion of Iraq",2,"United States",1,3,19,2003,5,2,2003,NA,NA,NA,NA,NA,NA,NA,"Middle East",1,"The war was transformed into another type of war",482,140,"Americas","Northern America",0.213242191780822
227,"Invasion of Iraq",645,"Iraq",2,3,19,2003,5,2,2003,NA,NA,NA,NA,NA,NA,NA,"Middle East",2,"The war was transformed into another type of war",482,7000,"Asia","Western Asia",0.213242191780822
